:104000000000042065B70F008DB70F008FB70F00B9
:1040100091B70F0093B70F0095B70F000000000095
:1040200000000000000000000000000055430F00E9
:1040300099B70F00000000009BB70F00D14B0F0095
:10404000494F0F009FB70F009FB70F009FB70F009A
:104050009FB70F009FB70F009FB70F009FB70F00CC
:104060009FB70F009FB70F009FB70F009FB70F00BC
:104070009FB70F009FB70F009FB70F009FB70F00AC
:104080009FB70F0065770F009FB70F009FB70F0016
:1040900021780F009FB70F00414A0F009FB70F0014
:1040A0009FB70F009FB70F009FB70F009FB70F007C
:1040B0009FB70F009FB70F00000000000000000036
:1040C0009FB70F009FB70F009FB70F009FB70F005C
:1040D0009FB70F009FB70F009FB70F00118E0F0003
:1040E0009FB70F009FB70F009FB70F0000000000A1
:1040F000000000009FB70F00000000009FB70F00F6
:1041000000000000000000000000000000000000AF
:10411000000000000000000000000000000000009F
:10412000000000000000000000000000000000008F
:10413000000000000000000000000000000000007F
:10414000000000000000000000000000000000006F
:10415000000000000000000000000000000000005F
:10416000000000000000000000000000000000004F
:10417000000000000000000000000000000000003F
:10418000000000000000000000000000000000002F
:10419000000000000000000000000000000000001F
:1041A000000000000000000000000000000000000F
:1041B00000000000000000000000000000000000FF
:1041C00000000000000000000000000000000000EF
:1041D00000000000000000000000000000000000DF
:1041E00000000000000000000000000000000000CF
:1041F00000000000000000000000000000000000BF
:104200000348044B834202D0034B03B11847704765
:104210009882002098820020000000000548064B8C
:104220001B1AD90F01EBA301491002D0034B03B1B4
:1042300018477047988200209882002000000000F4
:1042400010B5064C237843B9FFF7DAFF044B13B1DE
:104250000448AFF300800123237010BD9882002032
:104260000000000080BE0F0008B5054B1BB10549DA
:104270000548AFF30080BDE80840FFF7CFBF00BF9F
:10428000000000009C82002080BE0F00A3F5803A51
:10429000704700BF174B002B08BF134B9D46FFF71D
:1042A000F5FF00218B460F461348144A121A07F0F7
:1042B00040FB0E4B002B00D098470D4B002B00D03D
:1042C00098470020002104000D000D48002802D06E
:1042D0000C48AFF3008007F0B9FA2000290000F085
:1042E00071F907F05DFA00BF00000800000000004F
:1042F000000000000000042098820020A8E00020B8
:10430000000000000000000010B50C46E0B909688C
:10431000C1B10E48814207D0431A3B2B0ED83C2333
:10432000CA5CC254013BFBD2084800223C2103F086
:1043300067FD074B18800023236010BD3C2207F067
:10434000B8FAF1E70E23F7E70123F5E7827F0020B3
:10435000807F0020074A6FF002039E4502D1EFF3F1
:10436000098101E0EFF308818869A0F1020000787B
:10437000104700BF09430F0038B50446A8B13C21DF
:104380000C48002203F03CFD0B490B8883420ED100
:10439000084A02F13C0052F8045B44F8045B824294
:1043A000F9D101330B80002038BD0E20FCE70B2033
:1043B000FAE700BF827F0020807F00200B2970B5C4
:1043C0000446154608462BD92389053304EB4301DF
:1043D0002044431ADAB2012A22D9814220D8134854
:1043E00007F067FA2388522B1CD1AB0704D06288F0
:1043F0004CF668639A4215D134F8081F00234FF633
:10440000FE704FF44055994201D80B2070BD34F82E
:10441000022F824208D0AE89964205D00133F2E7DE
:104420000920F3E70F20F1E70020EFE7B482002036
:1044300008B5002203F0E4FC034B1B88834214BF41
:104440000B20002008BD00BFB482002070B54C1EB8
:1044500020F47F65240B25F00F050134002605EBC1
:104460000630013600F0CCFDA642F8D370BD000046
:1044700038B50C4C21684B1C054612D00A484FF445
:10448000805207F02CFA48B115B1206800F0B8FD51
:10449000054920684FF4806200F0D2FD4FF0FF33F1
:1044A000236038BD008000201C8300202DE9F84FD8
:1044B000DFF858B0DFF85890DFF858A005460F46EF
:1044C000144698460CB9BDE8F88FD9F8003005EAD3
:1044D0000B06B3420AD04046FFF7CAFF4FF48052A2
:1044E00031465046C9F8006007F0E3F9C5F30B0008
:1044F000C0F58056A64228BF26463946324650446B
:1045000007F0D7F9A41B35443744DBE700F0FFFF81
:10451000008000201C830020BFF34F8F0549064B0D
:10452000CA6802F4E0621343CB60BFF34F8F00BF51
:10453000FDE700BF00ED00E00400FA054BDF704727
:1045400010DF704711DF704712DF704713DF7047CD
:1045500018DF70478FDF704760DF704769DF704793
:1045600061DF704767DF70471FB50023CDE9013376
:104570000393684602230093FFF7EAFF05B05DF856
:1045800004FB07B500230DF107008DF80730FFF796
:10459000DBFF9DF80730012B01D1FFF7D3FF03B0FC
:1045A0005DF804FB08B54FF0E023D3F8F03DDB07DE
:1045B00000D500BEFFF7B0FF014B1878704700BF71
:1045C0001F9300202DE9F04F594B4FF430628BB010
:1045D000C3F8402500F026FB01F008F8002000F0A9
:1045E000C3FB01F089F848B1052000F0BDFB01F0E4
:1045F00095F801F0B9F8062000F0B6FB4FF08042C4
:10460000DFF84491D2F81C754A4EDFF84081B12F93
:104610000CBF0123002389F800300ED0A82F0CD046
:1046200000243470D2F800544E2F05F0010301939A
:104630000FD1C2F81C45012409E001233370D2F8E0
:10464000005405EA030101910024C2F81C4501252C
:1046500043E0572FF9D0D8F800301968364B99420B
:1046600001D1019B7BBB6D2F32D14FF080430022E3
:10467000C3F81C2500F0B2FF044600F0E1FBC4B90A
:1046800000F072FEA8B101F037F890B94FF4405332
:104690005A682A4B9A4206D199F800300BB9FFF7B5
:1046A00063FFFFF76EFFD8F8003000221A6000F0B9
:1046B000F7FF234B1B7823B14FF08043A822C3F8A8
:1046C0001C25FFF729FF6D2FC2F81C45D2D0BEE78D
:1046D000222000F0CFF90024054632782ABB2220A0
:1046E00000F0C8F910B12F2000F0C4F900F001006B
:1046F000307000F039FEDFF844B0DFF854A0024615
:1047000040B385B9D8F8001008680E49884236D001
:104710004FF440514968594522D04FF48053D3F8A3
:104720000032534528D113462AE00120DEE700BFBE
:1047300000A000401F930020D51A5A00DBE5B151BC
:104740001D9300207E67E54E1C930020048000200E
:104750007CB0EE874FF440514968594540F0DD8008
:104760004FF44051896801F500710968514500F026
:10477000E780002D40F0E480002A40F0D180002343
:104780004FF440514868584508BF8968D8F8000080
:104790000CBF01F500714FF490510D6872495545F9
:1047A00018BF0021016013B9002A7FF463AF33788A
:1047B000002B00F0CB80082000F0D6FA99F80030EA
:1047C0000BB9FFF7D1FE01234FF4742089F80030B4
:1047D000FFF7BCFE654B66491868039003A8FFF716
:1047E000AFFE644991F81623EC2352091341DB070D
:1047F00008D5614B9A68002A00F0A4801A6842F438
:1048000080021A605D4B04930C22002107A807F078
:1048100090F840F20113049A079307A94020FFF78C
:104820009DFE0C22002107A807F083F89DF81C309C
:10483000049A43F0010307A9A0208DF81C30FFF76C
:104840008DFE0C22002107A807F073F80124F7233E
:10485000049AADF81E3007A923208DF81C40FFF7FD
:104860007DFE0C22002107A807F063F80C25049AAE
:104870008DF81C4007A920208DF81E40ADF820506F
:10488000FFF76CFE2A46002107A807F052F8049AA9
:104890008DF81C4007A922208DF81E50FFF75EFE00
:1048A0002A46002107A807F044F8049A8DF81C4016
:1048B00007A9022421208DF81E40FFF74FFE04A80F
:1048C000FFF74AFE0021082205A807F032F89DF8FC
:1048D000143005A943F0010320468DF81430FFF78A
:1048E00041FE4FF4405330785A685A450ABF9B68DE
:1048F0004FF4905303F500731B68534503D0572FB3
:1049000001D04E2F29D1012240F6B83100F086FEA9
:1049100033782BB3FFF735FEACE64FF4905124E724
:10492000019B002B3FF42BAFD8F8003014491960DD
:10493000144B0192144843F001039847019A1EE773
:1049400001231DE74FF480030B605BE7022000F0BA
:104950000BFA204604F060FAC3E700221146D5E7BF
:1049600004F0AAFA86E600BF7E67E54E56BC0F004B
:10497000A5450F0000E100E06C9C002000800020B5
:10498000D51A5A0050BC0F000048E80110B5FEB01F
:104990004FF4FA73ADF802300DF10201002301A8C3
:1049A000ADF80430FFF7DCFD044640B9BDF8043033
:1049B000102B07D0112B15D001A801F037FB204692
:1049C0007EB010BDADF800006946BDF80800FFF7E5
:1049D000C1FD064A01231370054A0720137000F039
:1049E000C3F9E9E7014B18700820F8E71E9300208F
:1049F0001D93002013B5002301A80193FFF79EFD2E
:104A0000044660B9019802F05BFD019B0A2B09D0B6
:104A1000092B09D00B2B02D1012004F0B5FE204652
:104A200002B010BD2046F8E70220F6E708B5FFF710
:104A3000ADFF0528FBD1FFF7DDFF0528F7D108BD45
:104A40000021024A084603F001B900BF2D4A0F00B9
:104A50001F2884BF00F01F00044B054A98BF4FF089
:104A6000A04300F5E07043F8202070470003005099
:104A7000040002001F288ABF054B4FF0A04300F03E
:104A80001F00D3F8103523FA00F000F00100704742
:104A9000000300507047704700234FF0FF328360DF
:104AA000C0F80035C0F86025C0F86425C0F8682556
:104AB000C0F86C2540F2FF32C0F80435C0F8082574
:104AC000C0F80C35C0F81035C0F81435C0F82035E2
:104AD000C0F82435704700001F4B1F294FF000021B
:104AE00030B5C3F800258BBF01F01F0201F5E0725D
:104AF0001A4B4FF0A04388BF02F5E0754FF0030456
:104B000096BF43F8224043F825400A46012404FAA0
:104B100002F2C3F80C2500F5AC700F4B002243F8ED
:104B20002010FF21C3F804250220C3F80815042132
:104B3000C3F80C15C3F810050948C3F81425C3F8C9
:104B40002005C3F82415C3F82825C3F82C25C3F87D
:104B50000045C3F8102130BD00C0014000030050E3
:104B6000009700200148FFF797BF00BF00C0014039
:104B7000074B23F81010074B002282B0C3F8102116
:104B8000D3F810210192019A01229A6002B0704775
:104B90000097002000C001400B4A0C4B11681B68B5
:104BA000B1FBF3F203FB1211B1EB530F4FEA5302C7
:104BB00088BF591A4F235943B1FBF2F1C1F1FF01EC
:104BC00089B20020FFF7D4BF08970020FC96002090
:104BD000024A136801331360FFF7DEBF0897002015
:104BE0000F4B00221421C3F80C25C3F80425C3F889
:104BF0000815C3F81425C3F81025C3F82825C3F8F1
:104C00002C250D22C3F860254FF0FF32C3F8642530
:104C1000C3F86825C3F86C250122C3F80025704746
:104C2000001002404FF0804310B501220024DA60EA
:104C30002220C3F818459A60FFF70AFF2F20FFF7DC
:104C400007FF184B4FF4C85043F0010398472E213B
:104C50002046FFF741FFFFF7C3FFFFF71BFF124A94
:104C60001E21082002F0CEFF08B103F081F802F007
:104C70002BFF0E490E4BE02081F823001B684FF4F8
:104C80007A72B3FBF2F3013BB3F1807F08D24FF0AD
:104C9000E0225361002381F823009361072313610D
:104CA00010BD00BF60BC0F002093002000ED00E0AD
:104CB00008800020F0B585B043788DF80430837803
:104CC0008DF80530037826488DF80630182148F213
:104CD000060748F20D0CA1F1180301AE9BB21A466B
:104CE00016F801EB083380259BB21EEA050F0CBFB6
:104CF0003C46644620F81240541CA4B2A3424FEA3A
:104D000055052BD18B42EAD103F1180189B2B1F5D7
:104D1000847FE0D102324FF4004192B220F81310A8
:104D2000104B20F81210F222C3F82005C3F82425F6
:104D30000022C3F81021D3F810210292029A012216
:104D40009A60D3F81021002AFBD00022C3F810216A
:104D5000D3F810310393039B05B0F0BD2246C4E79E
:104D6000109500200010024013B5214900230C6863
:104D70000094019308281AD8DFE800F00C050C19FC
:104D8000191308292B004FF47F430093194B40F669
:104D9000B8320BE04FF47F0300934FF49672154B3B
:104DA00004E04FF47F030193124B64221A60009BCE
:104DB0001148019A0340009372B102400F4B0192D7
:104DC00001221A7001A8FFF775FF02B010BDFF2382
:104DD000DBE74FF0FF13DFE79C4202D00B60684631
:104DE000F1E7064B1B78002BEFD00148EBE700BF43
:104DF000F8960020FC96002004040400F49600209D
:104E000013B50C4B0C4C1A889B78ADF804208DF828
:104E1000063044F001044FF44860A04701A8FFF7B2
:104E200049FF4FF44860A0470448FFF735FE02B041
:104E300010BD00BF66BC0F0060BC0F000010024038
:104E40004FF0E02310B500241C61FFF78BFEFFF745
:104E5000D7FF184B18484FF40032C3F8802003F1F5
:104E6000C04303F53C534FF48032C3F84823C3F8E2
:104E7000082301225A609A604FF080430221DA60D1
:104E800023464FF0A0441F2B03F1010205DC03F57C
:104E9000E07344F823101346F5E703F01F0303F50E
:104EA000E073302A40F823101346ECD1FFF7F3FDEE
:104EB00010BD00BF00E100E00003005000F180439E
:104EC00082B01A68002A14BF0120002004D00022FA
:104ED0001A601B680193019B02B070470F4A137858
:104EE000D3B903784FF08041C3F34003C1F8803554
:104EF000037803F00103C1F87835094B1968C90735
:104F000006D4E02183F800130121C3F88011196051
:104F10000123044813707047034870471897002016
:104F200000E100E00000AD0B0C00AD0B014B02688E
:104F30001A6070470C9700204FF080434FF4607266
:104F4000C3F804237047000010B54FF08043D3F836
:104F50000443620707D54FF48470FFF7AFFF10B129
:104F60001E4B1B689847A30608D54FF48A70FFF7BD
:104F7000A5FF18B11A4B00201B689847600608D59A
:104F80004FF48C70FFF79AFF18B1154B01201B6886
:104F90009847210608D54FF48E70FFF78FFF18B1A0
:104FA000104B00201B689847E20508D54FF490701D
:104FB000FFF784FF18B10B4B01201B689847A3052E
:104FC0000AD54FF49270FFF779FF28B1054BBDE881
:104FD00010401B680220184710BD00BF1497002026
:104FE000109700200C970020044AD2F80034DB0709
:104FF000FBD50160BFF35F8F704700BF00E0014049
:105000004FF080531A69B0FBF2F302FB130373B93C
:10501000084B0222C3F80425C3F80805D3F800247E
:10502000D207FBD500220448C3F804257047034883
:10503000704700BF00E001400000AD0B0A00AD0B5F
:10504000F8B50B4B1546012206460F46C3F804255A
:105050000024A54204D1064B0022C3F80425F8BD64
:1050600057F8241006EB8400FFF7BEFF0134F0E789
:1050700000E00140BFF34F8F0549064BCA6802F4B8
:10508000E0621343CB60BFF34F8F00BFFDE700BF6B
:1050900000ED00E00400FA054FF08053D3F8302112
:1050A000082A03BFD3F83401B0FA80F04009002089
:1050B0007047000008B54FF08053D3F83021082A1C
:1050C0004ED14FF080420021C2F80C11C2F81011ED
:1050D000C2F8381502F54042D3F80414C2F820157E
:1050E000D3F80814C2F82415D3F80C14C2F8281504
:1050F000D3F81014C2F82C15D3F81414C2F83015D4
:10510000D3F81814C2F83415D3F81C14C2F840159B
:10511000D3F82014C2F84415D3F82414C2F8481563
:10512000D3F82814C2F84C15D3F82C14C2F8501533
:10513000D3F83014C2F85415D3F83414C2F86015FB
:10514000D3F83814C2F86415D3F83C14C2F86815C3
:10515000D3F84014C2F86C15D3F84434C2F8703553
:10516000FFF79AFF18B1494B494AC3F88C26FFF75D
:1051700093FF18B1474BFB22C3F81825FFF78CFFAC
:1051800070B14FF080414FF08053D1F8E42ED3F846
:10519000583222F00F0203F00F031343C1F8E43E2C
:1051A000FFF77AFF20B13C4B4FF40072C3F8402662
:1051B0004FF08053D3F83031082B09D14FF08043A2
:1051C000D3F80024D10744BF6FF00102C3F80024D4
:1051D000324AD2F8883043F47003C2F88830BFF303
:1051E0004F8FBFF36F8F4FF01023D3F80C22D207ED
:1051F0001DD52B4B0122C3F80425D3F80024002A27
:10520000FBD04FF01022D2F80C3223F00103C2F889
:105210000C32234BD3F80024002AFBD00022C3F821
:105220000425D3F80024002AFBD0FFF723FFD3F88E
:105230000022002A03DBD3F80432002B22DA184BB9
:105240000122C3F80425D3F80024002AFBD04FF034
:1052500010221221C2F80012D3F80024002AFBD039
:105260004FF010231222C3F804220D4BD3F8002470
:10527000002AFBD00022C3F80425D3F80024002A1A
:10528000FBD0D2E7074B084A1A6008BD0050004027
:105290004881030000F000400090024000ED00E073
:1052A00000E00140088000200090D00313DF704729
:1052B00018DF7047064B10461A78012A03D10129DE
:1052C00004BF02221A7008B102F052BD704700BF3D
:1052D0005B97002038B5FFF76FF910B3194C1C210C
:1052E000204602F07DF9042804D1FFF783FB05284E
:1052F000FBD1F4E708B102F03BFD134C114D002344
:105300001C222146284602F05BF9042804D1FFF74D
:1053100071FB0528FBD1F2E798B1BDE8384002F0F7
:1053200027BD4FF47F20FFF76BFE072206494FF49D
:105330007F20FFF785FE054B1A78012A04BF022261
:105340001A7038BD5C9700201C9700205B970020E6
:10535000014B01221A70704758970020014B01221F
:105360001A7070475997002073B54FF44053254A7F
:10537000596891420CBF9C684FF48054D4E9006591
:1053800006EA0503013302D1002002B070BD01A876
:1053900000F01CFA019B1A88012A0CD1588820B110
:1053A00099680022204602F02BFD019B5B881A1AA7
:1053B00050425041E9E74FF6FF739A42E4D14FF073
:1053C0008053B6F1005FD3F80C3105F001000AD329
:1053D0009B0203F100539E4205D8B30703D160B985
:1053E00000F00100D1E70028FAD00020AC4206D836
:1053F000B5F5742F28BF0020F2E70120F6E7002062
:10540000EEE700BFDBE5B15184B02DE9F34108AC14
:1054100084E80F009DF82040BDF8228001A80F46C7
:1054200016461D4600F0D2F964B9364B0122FF2121
:10543000A3F802809D601A809980334B1A70FFF7A1
:1054400049FF48E0013C052C45D8DFE804F0032380
:10545000154C39552B4BBA192A449A60A5221A804B
:10546000C3E90376FF229A800C9AA3F802805D615B
:105470009A61254B0122E1E7019A224B118819809C
:10548000518892689A60AA22C3E9037659809A806B
:105490005D61EEE7019A1B4B1188A5290AD1002214
:1054A0009A60FF221A60FF229A800022C3E9032239
:1054B0005A61DEE719805188926859809A60F2E754
:1054C000FFF77AF860B100F063FE08B102F050FC1B
:1054D0000D4B03221A7002B0BDE8F04104B07047D2
:1054E00000F0A4FAF1E7074B00229A60FF221A604D
:1054F000019A92889A80A2E79DF83430024A0433D8
:105500001370E8E71C9700205B97002000B589B076
:1055100005238DF8083008AB13E903008DE803007C
:1055200002AB0FCBFFF770FF09B05DF804FB000082
:1055300070B51B4C1B4D1C4ED4F800347BB1C4F825
:105540000056C4F80456C4F80856C4F80C56C4F8FB
:105550001056C4F81456C4F81856C4F81C5602F075
:10556000D9FB06F0BCF820B104F0DAFE002005F00B
:10557000E3FA33786BB10D4B1B7853B14FF0804396
:10558000D3F83834DB0704D4094B1B780BB9FFF789
:10559000BDFF084B1B78023B032BCDD870BD00BF6D
:1055A000000001403546526E5A970020599700205E
:1055B000589700205B970020054B1B7813B1054BD3
:1055C0001B7823B9044B1B780BB9FFF79FBF7047BB
:1055D0005A9700205997002058970020024B1878BE
:1055E000431F5842584170475B9700201FB5002366
:1055F000CDE90233074B019301F0B2FF30B9064900
:105600004FF47F2301A84B6001F0C8FF05B05DF89F
:1056100004FB00BFB5520F005C97002070B5054633
:105620000E460AB180F00102174B02F001021A7017
:10563000164A00231370164A137001F081F80446CD
:1056400028B935B100F000FD0446FFF771FF204690
:1056500070BDAEB10F4A1048294602F065FA4FF40A
:1056600000444FF4FA7029464FF47A720023E6FBA7
:10567000040106F067F92A460146084802F066FA76
:1056800000F0B0F9E0E700BF5A97002059970020DA
:1056900058970020B9550F0078BC0F0038970020AC
:1056A0001FB5134B4FF0FF32C3F88020C3F88021A1
:1056B0004FF440530F4A596891420DD19C682046DF
:1056C000FFF7F4FD10B14FF000531C60204604B00A
:1056D000BDE8104000F0C8B80023CDE902334FF414
:1056E000805406236846CDE90034FFF7E1FDE9E781
:1056F00000E100E0DBE5B15107B501A800F066F874
:10570000019B1A88A52A07D09888A0F1AA035842BD
:10571000584103B05DF804FB0120FAE710B501F031
:10572000B3FAA8B10E4B0F4843F00103984701F0BC
:10573000E9F908B102F01CFB01F0A6FA08B102F089
:1057400017FB01F02BFA044630B102F011FB04E024
:1057500001F048FA0028E5D10024204610BD00BF22
:1057600070BC0F0000A8610000B589B002AB182220
:105770000021184606F0DDF802228DF8082008AA5C
:10578000034612E903008DE803000FCBFFF73CFE50
:10579000FFF7CEFE002009B05DF804FB13B5044608
:1057A00001A800F013F8019B1A8822805A886280B1
:1057B0009A68A2609A88A280DA68E2601A69226117
:1057C0005A6962619B69A36102B010BD014B03601D
:1057D000704700BF00F00F00F0B50346002585F3C9
:1057E000148885F3108885F3118885F31388186869
:1057F00080F308885868FF2464B2EFF30585002D14
:1058000001D1A64600472546064621273FBAF0B4F7
:105810000024002500260027F0B4F92040B20047FC
:10582000F0BD00BFF0B50F4C226800250226072A04
:1058300002D905B12260F0BD130103F1804303F5E5
:10584000F4330132186059609E601F68B8424FF00F
:105850000105ECD15F68B942E9D19B68022BE6D122
:10586000E8E700BF6497002010B54FF4805104466C
:105870000020FFF7D7FF4FF474204FF44041FFF7AB
:10588000D1FF2046BDE81040FFF7A6BFF7B50023C3
:105890000DF1020101A8ADF80230019302F0EAFE19
:1058A000019C0346204613B15CBB03B0F0BD2678D3
:1058B0003EB3174A92F83010032922D04FF00C0C57
:1058C0000CFB03F557195159C1B992F830305651B4
:1058D0000133DBB282F83030BDF802300D4A9B084C
:1058E000013B043408467B60BC6002F0AFF903461C
:1058F00001980028D9D0002BD7D002E00133042B27
:10590000DED102F0D3FE0028CFD002F031FACCE78E
:10591000689700205D590F00084609B102F028BAC7
:105920007047000010B50C2343430B4AD418D158DC
:10593000A06879B192F830100139C9B282F83010FC
:1059400004380021C4E90111D15002F0AFFE08B1C2
:1059500002F00EFA002010BD6897002070B5FFF726
:10596000F7FC1F4E96F8303003B970BD1C4C002573
:10597000236883B1013B042B07D8DFE803F01C0642
:1059800012032800204600F08BFFE8B2FFF7CAFFA1
:1059900008B102F0EDF90135042D04F10C04E7D152
:1059A000E0E7A3686360204600F01AFF0028ECD00F
:1059B00002F0DEF9E9E7204601F00AF800F0E6FF20
:1059C00008B102F0D5F90520FFF7CEF9DDE701F0C7
:1059D00031F801F053F8BDE870400620FFF7C4B974
:1059E0006897002008B50E4B002283F8302011463E
:1059F0000132042AC3E90111196003F10C03F7D144
:105A0000084800F0E7FE02F0CDFD08B102F0B0F961
:105A1000054802F0B3FD08B102F0AAF9002008BD64
:105A20006897002019590F008D580F0008B5002005
:105A3000FFF778FF0120FFF775FF0220FFF772FFE5
:105A40000320FFF76FFFBDE8084002F0F3BD0068D8
:105A500070476CDF70476DDF70476EDF70476FDF38
:105A6000704772DF704773DF704774DF704775DF10
:105A7000704776DF704777DF70477ADF70477CDFEB
:105A800070477FDF704786DF70478FDF704790DF9A
:105A90007047AFDF7047B0DF7047B1DF7047B2DFEC
:105AA0007047B5DF704764DF704766DF704767DFB8
:105AB00070470C280AD8DFE800F00709090909092E
:105AC0000B091409090F0D000120704706207047CB
:105AD0000320704704207047042914BF06200520C6
:105AE00070470220704702F043B9000007B5082252
:105AF0000021684605F01DFF074B1B88ADF80030FC
:105B0000694600232120ADF802300193FFF7CFFF53
:105B100003B05DF804FB00BF1480002010B50446FC
:105B200008460321FFF7C5FF0246204601F084FA2C
:105B300018B1BDE8104002F01BB910BD032838B5FC
:105B40000C46154624D004282AD179B1FFF7CEFFA0
:105B5000144B18884FF6FF73984221D01321FFF79A
:105B600088FFE8B1BDE8384002F002B9104602F003
:105B7000A3F908B102F0FCF80B4B1B689D420FD152
:105B8000FFF7B4FF01220321084801F055FAE8E7C6
:105B9000FFF7ACFF01212046FFF78BFF0246F3E73A
:105BA00038BD00BF14800020D49700202C9800201E
:105BB000F8B50A4DAB889E181D2E14460DDC2F68D3
:105BC000FE1802F1010C07F803C07070B01C05F05C
:105BD00070FEAB8802331C44AC80F8BDBC9700203B
:105BE000F0B54D4E347893B0002C40F091804B4D81
:105BF00010222146284605F09CFE494B2B601822B6
:105C000021460CA805F095FE01238DF8303028239D
:105C10000E93444B1B78002B7CD0434B02AC03F11A
:105C2000100518685968224603C20833AB4214466F
:105C3000F7D13E48102202A905F051FE002869D094
:105C40003B483C4C04600121FFF707FF08B102F01C
:105C50008FF8364B06AA03F1100C174618685968DE
:105C6000154603C5083363452A46F7D12068A28844
:105C70000A903148A379ADF82C20002101228DF83B
:105C80002E300760FFF7EBFE08B102F071F8032336
:105C90008DF8443004238DF8063041F23053ADF8CE
:105CA0000830264B06AA9B798DF80A300DF10701C2
:105CB00002A8FFF7F8FE012210460DF10601FFF7DA
:105CC00077FF1F4805F003FE1D49C2B20920FFF708
:105CD0006FFF102206A90620FFF76AFF0F49194837
:105CE0000CAAFFF7BEFE08B102F042F8154C0422E0
:105CF00021780120FFF7BFFE08B102F039F82078C3
:105D00000121FFF7B0FE08B102F032F80123337031
:105D100013B0F0BD0623BEE716980020BC97002004
:105D20009C970020D8970020C5BC0F00E197002069
:105D3000D0970020DA970020CC9700202C980020E4
:105D40007CBC0F000C800020F0B50388262BB1B07E
:105D500004463BD80F2B04D8012B00F0D98031B07A
:105D6000F0BD103B162BFAD801A252F823F000BF69
:105D7000F95D0F00255E0F005F5D0F00575E0F009D
:105D80004D5F0F005F5D0F005F5D0F005F5D0F00F7
:105D90005F5D0F005F5D0F00695F0F005F5D0F00CB
:105DA0005F5D0F005F5D0F005F5D0F005F5D0F00C7
:105DB0005F5D0F00DB5F0F005F5D0F00CD5F0F00C9
:105DC0005F5D0F005F5D0F00CD5E0F00513B9AB22B
:105DD000052AC4D8052BC2D801A252F823F000BF6F
:105DE0001D5F0F00695F0F005F5D0F005F5D0F00BB
:105DF000ED5F0F00B35E0F00834B80881880834BEC
:105E000000221A70236910930423ADF8443010A9BE
:105E1000E38AADF84630FFF72AFE00289FD001F054
:105E2000A7FF9CE78023784CADF82430784B20887E
:105E300032221A6010A9012309AAFFF730FE08B127
:105E400001F096FF734B1B780BB9FFF7C9FE4FF6B5
:105E5000FF73238083E7704B03AC9A7918689988A5
:105E60008DF822200790DA1DADF820101733264652
:105E700010685168254603C508329A422C46F7D16E
:105E8000664B09AA03F118071546186859681446A5
:105E900003C40833BB422246F7D1186820605A4831
:105EA0005F4A008810AB8521CDE91456FFF7E9FD64
:105EB000B3E7A379002B7FF452AF534B132118881B
:105EC000FFF7D7FD00283FF44AAF7AE0037A012BB1
:105ED0007FF445AF4D4B00221A704D4B19680139C4
:105EE000196081B910AB1822184605F022FD03464F
:105EF000DDE914018DE8030005228DF840200FCB69
:105F0000FFF782FA2BE731B0BDE8F040FFF768BE3B
:105F10003D4B00211888FFF7C8FDD3E7A379002B7C
:105F20003FF41DAFA27B043A022A3FF618AF022BC2
:105F300018BF01238DF840304FF4C173ADF84430E1
:105F4000314B10A91888FFF7A6FD66E7324A058A8B
:105F5000508D02F118010023854218BF19460732FF
:105F6000A088FFF790FDADE7274C20884FF6FF751E
:105F7000A84225D02B4B1B78EBB12B4901230822DB
:105F8000FFF78BFDE8B90246014602232088FFF7A0
:105F900084FDB0B920882A460C21FFF77AFDA0F5D0
:105FA0004053023B012B7FF6DAAE08283FF4D7AE10
:105FB000112887D1D3E61A461946FFF76EFD81E70F
:105FC000082031B0BDE8F04001F0D2BE0E4B0022F7
:105FD00018881146FFF75BFD74E70023ADF84030E9
:105FE000094B10A91888FFF750FDB8E6E188064B69
:105FF000F72928BFF72121F00301188841F0030198
:10600000FFF74FFD5EE700BF1480002016980020C8
:106010001080002018980020DA970020F2970020C6
:106020005C980020D89700200E98002010B50146FB
:106030000446044801F03CF82046BDE81040FFF754
:1060400083BE00BF2C98002030B5424A424800234E
:106050001370424A95B0137000F0BCFB01F0ECFEE7
:106060000446002860D13E48FEF786F900285ED13C
:106070003C4B01221A7011233B488DF8043005F087
:1060800026FC394982B201A8FFF7F9FC08B101F0FA
:106090006FFE0822002104A805F04BFC334A344B64
:1060A00004A8CDE90423FFF7E8FC08B101F060FE85
:1060B00000210C2201A805F03CFC0823ADF80430B7
:1060C0002C4B02932C482D4B039301A900F01AFE90
:1060D00008B101F04DFE2A4D4022002104A805F030
:1060E00028FC284605F0F3FB0595264DADF8100079
:1060F000284605F0ECFB0795234DADF8180028461F
:1061000005F0E5FB1123ADF8300004A8ADF84C30E4
:106110000D9501F0E1F81D4B30221A7007225A70DC
:1061200010229A70FFF75CFD204615B030BD04A820
:10613000FFF791FC08B101F01BFE9DF8113004A897
:1061400001338DF81130FFF784FC002893D001F063
:106150000FFE90E7189800203D5B0F002998002063
:10616000DA970020D89700207CBC0F000C001800A4
:1061700004002003E1610F002C980020E75A0F0073
:1061800083BC0F0097BC0F00B3BC0F005C980020CD
:1061900010B50F4B01221A700E4B18884FF6FF7383
:1061A000984207D01321FFF764FC08B101F0E0FD2D
:1061B000002010BD084C2378002BF9D0074B18782D
:1061C000FFF753FC08B101F0D3FD00232370EFE784
:1061D0001898002014800020169800200C800020C1
:1061E000F0B50B788BB005460C46092B35D8DFE8A7
:1061F00013F02D00360041000A00190026001C0192
:10620000250144002A0100F015FC0421FFF751FC90
:106210000246284600F010FFF8B10BB0BDE8F04090
:1062200001F0A6BDFFF7B4FF08B101F0A1FD00F039
:1062300025FC90B10BB0BDE8F04000F037BCFFF793
:10624000A7FF0028F6D001F093FDF3E7804B012271
:106250001A704B681A787F4B1A700BB0F0BD7C4BEC
:1062600002261E704B681B78012BF6D100F08EFBC6
:106270003146CBE7764B0322EEE70520FEF774FDAF
:10628000734B1E78022E4BD0032E6ED0012EE4D11C
:1062900006AB10221846002105F04BFB6D4A237A0D
:1062A00012788DF81820002703220C2BCDE903204B
:1062B000059708D03146284600F0BEFE0028CCD015
:1062C00001F056FDC9E763681846FFF7C0FB079069
:1062D000181DFFF7BCFB089003F10800FFF7B7FBA0
:1062E00008220990394601A805F023FB5A4B029772
:1062F0001B88ADF8043001A932232120ADF8063007
:10630000FFF7D5FB03A800F06BFA04460028A4D0E1
:10631000FFF7ECFB31462046FFF7CBFB0246CAE70E
:10632000237A13F0030011D0C0F104021A44D2B250
:1063300019464FF0000C0E4601316768C9B2914210
:1063400007F806C0F7D11B1A043323720123069302
:1063500063680893237A06A89B08079300F038FB2C
:1063600000283FF47AAF0221D6E7207A830702D0D3
:10637000324631464DE7394E0390314601F072FD09
:10638000014618B12846FFF7C9FB66E76168039A22
:10639000306805F08EFA039801F0CAFD0146002826
:1063A000F0D103A9304601F0D3FD01460028E9D120
:1063B00004230693039B9B08079306A8336808935E
:1063C00000F06EFA074640B9254A237A11680B445B
:1063D0001360244B32681A603FE709281BD1204B19
:1063E000217A1A68114419601F4B1B78002B3FF467
:1063F00034AF1E4C2388013B9BB22380002B7FF4DB
:106400002CAF284600F0D0FD08B101F0B1FC184BCC
:106410001B88238021E7306801F04EFD014610B152
:106420002846FFF77BFB3946ACE70F4B01221A7079
:106430000F4A8B8813800D4A13800EE70A4A002307
:1064400013700B4AF8E7064B196800F063FDE3E6AA
:106450002998002028980020148000201C980020F3
:1064600024980020D497002017980020209800201E
:106470002298002018DF70470129F8B50D46144610
:106480001E4607D0032912D00CB32046BDE8F840C1
:1064900001F06EBC0E4B1B78052BF5D10D4B1B6824
:1064A000002BF1D03246214604209847ECE7084FF4
:1064B0003B78022BE8D1084B5B689847054B3D7051
:1064C0001B68002BE0D0324621462846EDE7F8BD98
:1064D0003C990020709800206498002000B5094B7A
:1064E00089B001221A7005238DF8083008AB13E932
:1064F00003008DE8030002AB0FCBFEF785FF09B068
:106500005DF804FB8098002000B589B002AB18222A
:106510000021184605F00DFA03228DF808200C4AD8
:106520001288ADF80A200B4A516803919168D2682D
:10653000059208AA0491034612E903008DE80300BE
:106540000FCBFEF761FF002009B05DF804FB00BF30
:10655000A49800202899002000B589B001238DF867
:106560000830114B114A1B88ADF80A304FF44053E4
:10657000596891420CBF9B684FF4805306930C4BB3
:106580005A6803929A68DB68059308AB13E9030025
:106590008DE80300049202AB0FCBFEF735FF00201D
:1065A00009B05DF804FB00BFA4980020DBE5B15101
:1065B0002899002000B589B002AB182200211846A6
:1065C00005F0B7F904228DF8082008AA034612E95D
:1065D00003008DE803000FCBFEF716FF09B05DF84E
:1065E00004FB000030B589B002AC18252A46002112
:1065F000204605F09EF92A460021204605F099F92B
:106600000A4B1B88ADF80A30094BDB68059308ABD1
:1066100013E903008DE8030000258DF8085094E885
:106620000F00FEF7F1FE284609B030BDA498002007
:1066300028990020184B37B5184D1D60184B194C80
:1066400002221A70FDF7B8FF80B12168284600F0D9
:10665000C7FF042804D1FEF7CDF90528FBD1F4E7E4
:10666000C0B103B0BDE8304001F082BB4FF44053ED
:106670000D4A5968914208BF9868216818BF4FF4C5
:106680008050FDF7E3FE0023044800931A460321DF
:10669000FFF7F2FE03B030BD749800207898002018
:1066A0003C99002038990020DBE5B15110B50B4B27
:1066B0001B788BB90A4801F095FA08B101F058FB34
:1066C000074800224FF4340101F040FA044608B1B3
:1066D00001F04EFB204610BD0824FBE78098002007
:1066E00084980020F0B51F4685B00323CDE9003023
:1066F0000546960868460C4602910396FFF7BAFED7
:10670000E0B1B4F5805F11D801236846CDE90035CA
:10671000CDE90246FFF7AEFE80B903236846CDE916
:106720000035CDE90246FFF7A5FE07E03B463A46B5
:10673000E11BE81BFFF7D6FF0028E5D005B0F0BD50
:1067400030B585B0194B0193194B1A4900241C70C0
:10675000194B01A8CDE902441C8000F01FFF05463B
:10676000F8B94FF44053154A596815489142114AF7
:106770000CBF9B684FF4805353600021114A01F015
:10678000D3F908B101F0F4FA0F4800224FF43401B4
:1067900001F0DCF908B101F0EBFA0C4B00221A60B1
:1067A00001240B4B28461C7005B030BD79640F00E6
:1067B000A698002078980020A4980020DBE5B1512D
:1067C000D8BC0F00DD640F008498002040990020A1
:1067D0003C990020014B1860704700BF7098002062
:1067E00070B54368244C0FCB84E80F002278510722
:1067F00001D5930739D163689E0736D1A1688D070B
:1068000033D1E068840730D11C4E0B440344B1F50A
:10681000204F33602BD84FF4405119484C688442C4
:106820000ABF89684FF46921C1F56A218B421ED8DD
:10683000D30718D412F0020F124A134B08BF1346A5
:10684000124D134A2A60134AC5E90123124B1B78E3
:10685000012B0ED1FFF72AFF044610B92B683068D0
:106860009847204670BD0D4BEAE70624F9E70C2453
:10687000F7E70824F5E700BF2899002038990020A1
:10688000DBE5B151E5650F0009650F006498002054
:1068900035660F00B5650F003C99002059650F0063
:1068A0002DE9F347074600285DD083689B075CD13C
:1068B000314B1B78052B5AD1304E42683368DFF8D4
:1068C000C48003EB82039500D8F80020934207D9D7
:1068D0004FF0FF3333600C24204602B0BDE8F08750
:1068E000FFF7E4FE04460028F6D1D7F808A0DFF849
:1068F0009890FDF761FE80B13368D9F800002A4610
:10690000514600F05DFE042804D1FEF773F8052817
:10691000FBD1F1E7C8B10446DEE74FF44053184A13
:106920005968376891420CBF98684FF48050002333
:106930002A4651463844FDF7B9FD0095D9F80000C4
:10694000534600220121FFF797FD33681D44D8F814
:10695000003035609D420CD1FDF72EFE0028BBD1E2
:10696000FDF786FDB8E70E24B6E71024B4E7082447
:10697000B2E70924B0E700BF3C990020409900200D
:10698000DBE5B151389900207498002070B50B4BAD
:106990001D6885B90A4E3378042B0CD1094C0A4B7B
:1069A00021781A780948FDF709FD10B905233370DD
:1069B00070BD2570FCE70820FAE700BF4099002071
:1069C0003C990020A698002028990020A798002034
:1069D000F8B5144B1A78032A054604D0042A04D0CB
:1069E00008242046F8BD04221A700F4B1B68002BA8
:1069F000F6D1FFF75BFE04460028F2D10B4E6B6820
:106A000030789F0000EB8303802B09D8084BA968DE
:106A100018443A4604F04DFF33783B443370E0E7C6
:106A20000924DEE73C99002040990020A698002028
:106A3000A798002038B50D4C2378052B14D10C4BAA
:106A40000C4D1A682B689A420ED106232370FFF76B
:106A50002DFE40B9084B29681B685868FDF7E8FC13
:106A600008B90723237038BD0820FCE73C990020B3
:106A700040990020389900207498002010B5084BE8
:106A80001B78072B0AD1074801F0ACF808B101F0D8
:106A90006FF9054BBDE810409B681847082010BDF2
:106AA0003C990020849800206498002000B589B0AB
:106AB00002AB18221846002104F03BFF06228DF895
:106AC00008200D4A1278052A034613D10B4A0C49B7
:106AD00012680968521A18BF01228DF81C2008AAF2
:106AE00012E903008DE803000FCBFEF78DFC09B01F
:106AF0005DF804FB0022F0E73C990020409900205B
:106B000038990020F0B58DB005A8FEF747FE089C27
:106B1000002C3ED00B9E04F58053B3422DD91E4D60
:106B2000A6F5805305EA53054FF440539B689C42F9
:106B30000BD869002B46A4EB450201F5805106EB0A
:106B40004500FFF7CFFD0DB0F0BD05F580530127DF
:106B500001A8CDE90173CDE90337FFF78BFC0028CD
:106B6000F1D14FF4805301A8CDE902330197049786
:106B7000FFF780FC0028E6D1DBE70123CDE90136F1
:106B8000A4084FF4805301A803930494FFF772FC08
:106B9000D9E72046D7E700BF00F0FFFF00B58DB072
:106BA00005A8FEF7FBFD099880B1089B8BB94FF44F
:106BB00040530B4A596891420ED19B6880080022CD
:106BC000039001A8CDE90123FFF754FC0DB05DF857
:106BD00004FB0B9A1344F1E74FF48053EEE700BF38
:106BE000DBE5B15100B591B009A8FEF7D7FD0D9ACC
:106BF0001AB9002011B05DF804FB0C9B002B37D1B3
:106C00004FF440531F495868884234D19B6803931E
:106C100003204FF47421CDE90101920801A80492E8
:106C2000FFF728FC0028E4D00C9B3BBB4FF44053FB
:106C3000144A5968914209BF9B684FF480535942E6
:106C4000C3F56A2216BF1946C1F30C014FF469223D
:106C5000521A03EB520307930D9B03214FF4742246
:106C60009B0805A8CDE905120893FFF703FCC1E7CF
:106C70000F990B44CBE74FF48053C8E70F9A1344A6
:106C8000E9E700BFDBE5B15110B58CB005A8FEF710
:106C900085FD0898B8B10B9C00F58053A34214D928
:106CA0004FF440539B6898421BD80F4BA4F5805279
:106CB00003EA52035900A0EB430201F5805104EBB3
:106CC0004300FFF70FFD0CB010BD800803224FF406
:106CD0008053049001A8CDE901230394FFF7CAFB78
:106CE000F1E70E20EFE700BF00F0FFFFA8DF7047DD
:106CF000AADF7047ADDF7047AEDF7047B0DF704787
:106D000062DF70472DE9F0430E4695B00546002836
:106D100000F0F980002900F0F6804B68002B00F0AD
:106D2000F2804FF6FF730380784B04AA03F1100C36
:106D3000174618685968144603C408336345224649
:106D4000F7D141F230530DF10A0138460293FFF7B3
:106D5000D7FF0446002840F0D2802A1D02A9012056
:106D6000FFF7C4FF0446002840F0C9809DF80A30B0
:106D7000AB7101461C220DA804F0DBFD9DF83430F8
:106D80000E9423F00C0343F00C038DF8343001AF64
:106D9000AB798DF80E30214641F23253032238464A
:106DA000CDE91044CDE91244ADF80C3004F0C1FD3A
:106DB0009DF8063023F01F0343F0030321461422FD
:106DC0004FF4885908A88DF80630ADF8049004F007
:106DD000B0FDF423ADF82C30A8880A940DF10C080E
:106DE00005F1080308AA0DA90C94CDE90887FFF75F
:106DF0007FFF0446002840F0828001461C220DA837
:106E000004F097FD9DF834300E9423F0180343F0FE
:106E100018038DF83430AB798DF80E30214641F2ED
:106E2000315303223846CDE91044CDE91244ADF880
:106E30000C3004F07EFD9DF80630ADF8049023F090
:106E40001F0343F013032146142208A88DF80630CF
:106E500004F06FFD1723ADF82C30A8880A9405F1D3
:106E6000100308AA0DA90C94CDE90887FFF740FF8D
:106E70000446002843D101461C220DA804F059FD08
:106E80009DF834300E9443F002038DF83430AB7922
:106E90008DF80E30214641F2345303223846CDE9B5
:106EA0001044CDE91244ADF80C3004F042FD11233A
:106EB000ADF804309DF8063023F01F0343F00303C0
:106EC0002146142208A88DF8063004F032FD022372
:106ED0000A93ADF82C30A8880C9605F1200308AA77
:106EE0000DA9CDE90887FFF703FF044638B9736899
:106EF000AB62B36803B1EB62054B01221A70204606
:106F000015B0BDE8F0830E24F9E700BFDCBC0F002C
:106F10004B9900202DE9F04F0E4687B0054600281A
:106F200039D002884FF6FF739A4236D01C4B1B783B
:106F30009BB31C4CC1F30729C1F307480F0E4FF058
:106F4000100A07234FF0010B1022002102A86370E2
:106F5000ADF8063084F800A084F802B0E67084F83A
:106F6000049084F80580A77104F0E3FC2B8AADF847
:106F700008300023ADF80C3028888DF80AB00DF1E8
:106F8000060302A9CDE90434FFF7B6FE1328D8D0D2
:106F900007B0BDE8F08F0E20FAE70820F8E700BF41
:106FA0004B990020449900202DE9F04F0E4687B000
:106FB0000446002837D002884FF6FF739A4234D037
:106FC0001B4B1B788BB31B4DC1F3072AC1F3074939
:106FD0004FEA11684FF0110B002705231022002102
:106FE00002A8ADF8063085F800B06E7085F802A0F2
:106FF00085F8039085F8048004F09BFC238AADF8A3
:10700000083001238DF80A302088ADF80C700DF19E
:10701000060302A9CDE90435FFF76EFE1328DCD084
:1070200007B0BDE8F08F0E20FAE70820F8E700BFB0
:107030004B990020449900202DE9F0410F4686B07D
:107040001646044660B302884FF6FF739A4229D071
:10705000154B1B7833B3154D4FF010080323102246
:10706000002102A8ADF8063085F800806F70AE7080
:1070700004F05FFC238AADF8083001238DF80A3054
:107080000023ADF80C3020880DF1060302A9CDE9EC
:107090000435FFF731FE1328E0D006B0BDE8F081DB
:1070A0000E20FAE70820F8E74B99002044990020C9
:1070B00070B50D4688B0044650B149B1826A3AB104
:1070C0000B88502B49D005D8102B43D0112B54D00E
:1070D00008B070BD512BFBD18E79022EF8D10A89F0
:1070E000038A9A42F4D18B7B043B022BF0D99DF8A2
:1070F00016308DF8106043F001038DF816300B8ABE
:10710000ADF818304B8AADF81A30082201F114039B
:1071100001A80021079304F00CFCA18A20880196A5
:1071200001AACDF808D0FFF7E5FD48B3E36A03B143
:10713000984740F2FD132088ADF8143004A9FFF7FA
:10714000DDFD0028C4D0E36A002BC1D008B0BDE843
:10715000704018478B882380BAE7C9880389994211
:10716000B6D108238DF81030123535F8023C8DF871
:107170001830059504A99047AAE74FF6FF73EAE790
:10718000BDF800302088DB07D3D5002604A9ADF870
:107190001460FFF7B3FD0028D5D1297D4B1E072BC6
:1071A0003ED8DFE803F004192226282A3B2C6B8AFC
:1071B0008DF80460012B05D8062201212046FFF737
:1071C0003BFFBEE7012315358DF80C300295A36A0D
:1071D00001A9204698477BE76A8A01239A428DF8E5
:1071E0000430F0D806220221E8E702238DF80430AB
:1071F000EDE70323FAE70423F8E70523F6E76B8AB4
:10720000022B02D803220821D8E7B5F81530ADF8D3
:107210000830002B14BF06230723E7E70923E5E71F
:107220000322CBE7A8DF7047AADF70472DE9F041C2
:1072300080468EB015461F460E4611B9084600F02E
:1072400097FD15B9284600F093FD1C220DEB0200B6
:10725000002104F06EFB9DF81C30ADF80480002482
:1072600043F002038DF81C302146012303226846B7
:107270008DF80630CDE90A44CDE90C44089404F0B9
:1072800058FB3B788DF800307B788DF801309DF805
:10729000023023F01F0343F002032146142202A808
:1072A0008DF8023004F045FB0A48CDF80CD001AB54
:1072B000029302AA149B0088ADF8105007A9ADF8FC
:1072C0001240ADF814500696FFF7AEFF0EB0BDE8C1
:1072D000F08100BF6C99002030B587B041F60A03F9
:1072E0002D4AADF80C30044603A901208DF80E009C
:1072F000FFF798FF0546D8B92288E2B922894AB13A
:10730000264B0093E16804F13C0342F62420FFF78A
:107310008DFFD8B9228C4AB1214B0093616A04F1E8
:107320003C0342F62620FFF781FF78B9A36B7BB9B7
:10733000284607B030BD1B4B0093616804F13C0345
:1073400042F62920FFF772FF0028D7D00546EFE765
:107350001A788DF810205A888DF81120120A8DF8AD
:1073600012209A88DB888DF815301B0A8DF81320BF
:107370008DF81630120A0C4B8DF81420009307225A
:1073800004F13C0304A942F65020FFF74FFF002808
:1073900018BF0546CCE700BF6C9900205C9900201F
:1073A00054990020649900204C99002029DF7047EF
:1073B00028DF7047064B182202FB0030002304220E
:1073C000C0E90423037183608361C360704700BF19
:1073D0008899002013B502460846C968436800939F
:1073E000044B53F82140436910F80C1BA04702B02E
:1073F00010BD00BF7899002070B51A4C2378182270
:1074000002FB03430122A2701A795D69012A05D0AB
:10741000032A1AD00F200023A37015E0124AD8685F
:1074200016689A689969A2EB0632B2F5805F284423
:1074300001EB063100EB063034BF92084FF4806256
:10744000FFF7B4FF0028E6D170BD4FF080531B69F1
:107450009BB2B5FBF3F5044B18682844FFF7A8FF6F
:10746000F0E700BF889900207099002070B5134D97
:107470006C78122C1FD02E783444E4B2112C84BFC7
:10748000123CE4B2182606FB0454A261207103C921
:10749000A360049BE360AB7804F1100282E8030070
:1074A00023B100206B7801336B7070BDFFF7A4FF30
:1074B0001128F7D1F5E70420F7E700BF88990020ED
:1074C00038B5831E012B45D8234CA378002B41D01F
:1074D000002303282578A37036D02049182202FB08
:1074E00005420B6892680133B2EB033F0B6019D879
:1074F0006B1CDBB262780020112B08604FF0180182
:1075000088BFA5F1110302F1FF3201FB0541D2B2A0
:1075100088BFDBB2043162702370FFF75BFF28463F
:10752000FFF748FF6378ABB1A3789BB9FFF764FF1F
:1075300080B111280ED02178182303FB01410431BA
:10754000BDE83840FFF746BF182303FB054104316F
:107550000D20F5E738BD00BF889900207099002004
:1075600008B50A4B00211960094B1980997008462B
:107570000131FFF71FFF1229F9D1064B00201860D7
:10758000054BC3E90000C3E9020008BD7099002063
:10759000889900207499002078990020064A0346B3
:1075A0001068042807D00860411C11601A68034B5A
:1075B00043F820200020704774990020789900201B
:1075C00013B5CC180C43A40708D1009313460A4600
:1075D00001460120FFF74AFF02B010BD1020FBE773
:1075E00007B500220B46009201460320FFF73EFF3D
:1075F00003B05DF804FB0000094B5A78997801321A
:10760000D2B2914208BF0022197891421FBF027086
:107610005A78182101FB023014BF04300020704753
:10762000509B0020082910B5044602D0002000F02D
:107630009FFBD4E90030BDE81040184773B50546FC
:1076400000240DF107000E468DF8074000F09EFB68
:107650000DF10600FFF7D0FF30B99DF8070000F0EC
:10766000B9FB042002B070BD0670084B9DF80620DF
:1076700045609DF807005A7000F0ACFB044B4FF4D6
:107680008012C3F800212046ECE700BF509B002089
:1076900000E100E0204B21491A682F2300BF00BF02
:1076A00000BF00BF00BF00BF00BF00BF8A422FD095
:1076B00000BF00BF00BF00BF00BF00BF00BF00BFD2
:1076C00000BF00BF00BF00BF00BF00BF00BF00BFC2
:1076D00000BF00BF00BF00BF00BF00BF00BF00BFB2
:1076E00000BF00BF00BF00BF00BF00BF00BF00BFA2
:1076F00000BF00BF00BF00BF00BF00BF00BF00BF92
:1077000000BF00BF00BF00BF00BF00BF00BF00BF81
:10771000013BC3D1704700BF088000200024F40063
:107720000C4B0D484FF4003210B5C3F880200124F3
:107730004FF48033C0F84833C0F808334460FFF793
:10774000A9FF064B846000201860FFF7A3FF044BDD
:10775000187010BD00E100E000100140489B0020BF
:107760003D9B00202DE9F3412549264B0025C1F81A
:107770004051C1F84451C1F84851C1F84C51C1F8C9
:107780000051C1F804511B68002B34D0D1F80445D6
:107790001D49DFF888800968641A24F07F442F4669
:1077A0001A68A24212D8A41A15441A7CDE6962B182
:1077B0005A691F7400929B690193424608216846EA
:1077C00000F044FA08B100F0D3FABEB90F4A104BEA
:1077D00011781B788B4205D10133DBB2022B08BF35
:1077E0000023137012780B4B43F822500A4B4FF4CE
:1077F0008012C3F8002102B0BDE8F0813346CFE724
:10780000001001404C9B0020489B00203E9B002024
:107810003F9B0020409B002000E100E025760F0008
:107820002DE9F74F9D499E4A0B7812789D4C9A425C
:107830003CD00133DBB2022B08BF00239A4A0B7005
:107840009A49176851F823003B1823F07F431360CF
:107850000022236816461546944613B942B12360A8
:1078600006E0196881420FD902B12360091A196034
:107870004FF001092368DFF84C8200934FF0000AB3
:10788000BEB94FF0180B5DE0401A0D44D968D3F82B
:107890001CE0C3F800C031B17A1922F07F42C3E97D
:1078A0000121DE611E4673460122D6E70026B1465D
:1078B000E0E73046F6697C4B476819687C4A836884
:1078C0007D1A25F07F45954200F2A3802B440125C7
:1078D0000574256803600021C0E90111C161002D14
:1078E00040F09F802060CBE798F8020025684B1C91
:1078F000DBB20BFB0181984208BF002388F80030FF
:107900000B798868022B75D0032B7FD0012B19D1FE
:10791000057CBDB9CF6847600B6983604B69C36064
:107920008B698361634B1B78002B18BF2F46476020
:10793000C1E7B84200F091803946FF69002FF8D1C5
:107940000023037498F8001098F801308B42CBD1D3
:107950002368BAF1000F05D1009A9A4202D1B9F119
:10796000000F41D0002B75D0D3F80090524C4E4BF5
:10797000D4F804651868514F351A3B7825F07F45D7
:1079800003359BB94FF48033C4F84433C4F804334F
:107990004B4B4FF400324FF00108C3F880211A60BE
:1079A000C4F80080FFF776FE87F80080A9452CBF59
:1079B0004844401920F07F40C4F84005D4F804350D
:1079C0009B1B23F07F43801B033320F07F408342C7
:1079D0000AD9D4F80435C4F84035FFF75BFE384BBC
:1079E0004FF40032C3F80021324B00221A7003B06A
:1079F000BDE8F08F2F462946A0E72974ED690123E1
:107A0000002DFAD1002B9DD025609BE7002319465D
:107A1000F6E7C91B21F07F418B428CBF5B1A002324
:107A200055E72968994213D3C91A2960C56159E7F6
:107A3000DB1BCF690D463FB139460F68BB42F7D813
:107A4000FF1A0F600F4629460360C761C86117E738
:107A50002946F2E7FFF764FEC6E7884211D1EB69D9
:107A6000236073B9DFF850E001910122CEF80820BD
:107A7000DFF834E0CEF800300E4B1A70FFF70AFE44
:107A800001993B68FF69CF6117B13A6813443B60C5
:107A90002368AB4218BF4FF0010A51E73F9B00201B
:107AA0003E9B00204C9B0020489B0020409B0020D8
:107AB000FEFF7F003C9B0020001001403D9B00200A
:107AC00000E100E0509B002008B5FFF729FE104BB5
:107AD00000200B2218809A700E4B18600E4B187005
:107AE0000E4B18700E4B4FF48012E021C3F880212A
:107AF00083F814131A6002F18042A2F56F22C2F8D3
:107B0000080583F81113074BD2F804251A6008BD45
:107B1000509B00204C9B00203F9B00203E9B002060
:107B200000E100E0489B0020074B9B784BB132B14D
:107B300028B10368187C20B959745A61704707202E
:107B400070470820704700BF509B00202DE9F74385
:107B5000DFF88C8098F8023005460E461746C3B30E
:107B6000B8B3042933D943699BB3437C0024012B68
:107B70000DF107000CBF8946A1468DF8074000F0C3
:107B800005F90DF10600FFF737FD38B99DF807003C
:107B900000F020F9042003B0BDE8F0830123037056
:107BA0000D4B4560D3F80435C0E90497C0E90236AF
:107BB0009DF806309DF8070088F8013000F00AF9BA
:107BC000064B4FF48012C3F800212046E3E707205C
:107BD000E1E70820DFE700BF0010014000E100E01E
:107BE000509B0020064A92783AB130B1426922B1E6
:107BF000002202740221FFF721BD0820704700BF58
:107C0000509B00204B1C30B5DB00044612F00300F3
:107C10009BB20DD1074D2A601A44074B1A60074BDF
:107C20001870074B1870074B1C80074B198030BD2C
:107C30000720FCE7689C0020649C0020609C0020DA
:107C4000619C00205E9C00205C9C00202DE9F34795
:107C5000DFF8B480B8F800308B4206460C46174671
:107C60004AD300250DF107008DF8075000F08EF87B
:107C7000224B234ADFF894C01B78BCF800C0107870
:107C80006045C1B238BF0131DBB238BFCDB2AB42C3
:107C90009DF8070005D100F09DF8042002B0BDE872
:107CA000F08715781178DFF86890CBB28C4586BFE5
:107CB0000133DBB20023EDB2137000F08BF8D9F87A
:107CC00000304FEAC50A43F8357003EBC50286B1B0
:107CD0007CB10C4BB8F800001B68224605FB003055
:107CE000314603F0E6FDD9F8003053449C80002073
:107CF000D4E700239380FAE70920CFE7619C0020B6
:107D0000609C0020649C00205E9C00205C9C002005
:107D1000689C002070B5104C104D22782B789A4248
:107D200000D170BD0E480F4A2378126806880E48AD
:107D300002EBC301006852F83320898803FB060078
:107D400090470A4922780988D3B2914286BF01330D
:107D5000DBB200232370E0E7619C0020609C0020E0
:107D60005E9C0020689C0020649C00205C9C00209D
:107D70001FB50021CDE9021001AA44F20100ADF8BF
:107D80000410FCF70FFC05B05DF804FB70B5EFF3D1
:107D9000108672B60C4A9468012384B993600B4B29
:107DA0000B4DD3F8801029401160C3F88050D3F8F0
:107DB000841051604FF0FF32C3F8842023460370D3
:107DC00006B962B670BD00BF6C9C002000E100E007
:107DD000FC06FFBD10B5084B9A685AB150B9EFF3D5
:107DE000108172B6054A1C6814605C685460986023
:107DF00001B962B610BD00BF6C9C002000E100E03C
:107E000003462AB110881A4619448A4203D17047A2
:107E10004FF6FF70F7E743BA12F8010B9BB25840D8
:107E2000C0F30313434083EA0333580100F4FF50C7
:107E30009BB25840E9E70000064B074A0020187043
:107E4000064B1A601022C3E90120C3E90300C3E90D
:107E50000500704754C20020949C0020789C0020AC
:107E60000020704730B50446E9B1124B5A68002033
:107E70000860D2B1B4F5167F19D8013A5A60DA68B1
:107E80001C680132DA601A694FF4177505FB024469
:107E90000C609969012494400132214302F00F02E1
:107EA00099611A6130BD0E20FCE70420FAE70C202E
:107EB000F8E700BF789C0020F0B51C498A6892B3AF
:107EC0004D690E68AC1A04F00F0423464FF417777F
:107ED00007FB036C604510D1886901259D4068400F
:107EE000886100204E68D1F818C04FF0010E73442D
:107EF0000025164403F00F030AE0013303F00F03DB
:107F00009D42E5D11020EDE74AB1013A1C4601251A
:107F10000EFA04F414EA0C0FA6EB0207F4D00DB12C
:107F2000C1E90172F0BD0420FCE700BF789C00208D
:107F3000064A13691268013B4FF4177103F00F03EF
:107F400001FB0323C3F8580200207047789C0020EF
:107F500030B5C0B1B9B10E4BDA68B2B1013ADA60EE
:107F60009A681C6801329A605A694FF4177505FBCC
:107F7000024404600132D4F85802086002F00F0293
:107F80005A61002030BD0E20FCE70420FAE700BF54
:107F9000789C00203FB40C49086890B10B4B1C68DA
:107FA0007CB10B4A1568CDE9025000238DF80430EE
:107FB0000B60136004AB13E90700234604B030BC28
:107FC000184704B030BC704758C2002070C200206F
:107FD00060C20020DC2810B509D0DD2810D0C028F0
:107FE00016D1FFF7D7FF0E4B0E4A1A6010BD0E4A8E
:107FF0000E4B19681368581C1060C022CA54F2E76F
:10800000094A0A4B19681368581C1060DB22F5E70F
:10801000064B054A196813685C1CC8541460E2E7F3
:108020001C80002045800F0058C2002060C2002044
:10803000C02802BF014B024A1A6070471C80002012
:1080400045800F00C02810B409D0DB280BD0094BA5
:10805000094A196813685C1CC854146006E05DF88E
:10806000044BFFF797BF054B054A1A605DF8044BB8
:10807000704700BF60C2002058C200201C80002052
:10808000D57F0F0007B501228DF807000DF107011C
:10809000002002F091FDB0FA80F04009800003B0AA
:1080A0005DF804FB10B5064A064C12682368D05CE4
:1080B000FFF7E8FF10B923680133236010BD00BF4C
:1080C0006CC2002064C2002008B5C020FFF7DAFFB0
:1080D00028B9034B1B6813B9024B034A1A6008BD49
:1080E00064C2002018800020A5800F0008B5DB20A6
:1080F000FFF7C8FF10B9024B024A1A6008BD00BF63
:108100001880002009810F0010B50C4A0C4C126831
:108110002368D35CC02B03D0DB2B0DD0042010BD13
:10812000DC20FFF7AFFF0028F9D12368054A0133AF
:108130002360054B1A60F2E7DD20F2E76CC20020F5
:1081400064C20020A5800F00188000207FB5184C65
:10815000184D194E002002F0CFFC30B322689AB1BE
:108160002968336899420FD2012201A9002002F048
:10817000CFFC10B94FF0FF3001E09DF804000F4B29
:10818000C0B21B689847E5E70D4B1B686BB10292C4
:10819000084A0221126803928DF8041004AA12E919
:1081A000070004B0BDE87040184704B070BD00BFC0
:1081B00060C2002058C200205CC200201C80002049
:1081C00070C20020014B18600020704770C2002070
:1081D000034B1A780AB901221A700020704700BFB9
:1081E00074C20020014B00201870704774C2002038
:1081F0002DE9F04F85B000284ED0284F3B78012B59
:1082000006D0022B0CBF0420082005B0BDE8F08F7B
:10821000234CDFF89C90234E234DDFF89880DFF845
:1082200098A0DFF898B0C9F800100023236002235B
:1082300030603B70C5F800802268D9F800309A425F
:1082400014D3C5F80080FFF73FFF18BB174B1B681E
:1082500001223A70F3B18DF804203268029222684C
:10826000039204AA12E90700984713E033682268D2
:108270009A5CC02A03D022689B5CDB2B04D12B685C
:10828000534508BFC5F800B02B689847042801D0B3
:108290001128D1D10020B8E71020B6E774C2002021
:1082A00064C200206CC200201880002070C2002030
:1082B00068C20020C9800F00A5800F00ED800F006C
:1082C000054B064A1860064B1960064B00201860E3
:1082D000054B1A60704700BF60C2002031800F005C
:1082E0005CC2002058C200201C800020064B0748BA
:1082F0001B68DB00DBB20022037004215B4242708A
:108300008270C370FFF774BFB4C2002075C2002032
:1083100010B52B4C2378012B04D0022B1ED003B9AF
:1083200058B310BD0128FCD1264B1968264B0631E5
:108330001868FFF75DFF08B1FFF71AFD02232370ED
:10834000224B2348002241F67F211A60FFF7FEFBF3
:108350000028E6D0BDE81040FFF70ABD02281BD078
:10836000032802D00028DCD1EAE71A4A1368013357
:1083700003F007031360002323701548FFF732FC56
:1083800008B1FFF7F5FC144B1B68002BC9D0134A4A
:10839000BDE81040107818470C4A1368052B0AD026
:1083A00001331360074B1968074BBDE8104018688C
:1083B0000631FFF71DBF094B01221A70DBE700BF32
:1083C000C4C20020A8C20020ACC2002080C200208D
:1083D00084C20020B0C20020C0C200207EC20020A3
:1083E000F0B585B004AB03E907009DF804000D4625
:1083F0001646032876D8DFE800F00802A8AB012073
:1084000005B0BDE8F040FFF783BF032A524C40F2AD
:1084100083804B7813F00F0269D00E2A7CD1042E92
:1084200059D00A78500656D5110654D51A44AB785F
:108430001A44EB781A4412F0FF024CD1B71E3946A9
:108440002846FFF7DDFCEB5B834244D143492A78A1
:108450000B6802F00702D8B282422FD1013303F039
:1084600007030B60FFF742FF3D4B012230461A70B5
:10847000FFF75EFD08B1FFF77BFC37494FF416703C
:10848000FFF7F0FCB0B1042810D136480521FFF702
:1084900017FF08B1FFF76CFC334B1B68002B59D05A
:1084A0004FF0000005B0BDE8F04018470020FFF78E
:1084B0005FFCEAE720684FF41671E8E720684FF4A4
:1084C0001671FFF7FDFE08B1FFF752FC05B0BDE8DD
:1084D000F040FFF70BBF20684FF41671FFF7F0FE76
:1084E000002837D005B0BDE8F040FFF741BC0A785E
:1084F000897813440B44E9780B44DBB263B91B4B16
:108500001B68013383EAD20313F0070304D1184A2E
:1085100003201370FFF7FCFE25681DB14FF41671A0
:108520002846DBE70C494FF41670FFF79BFC18B99F
:1085300020684FF41671D1E7042802D109480521BB
:10854000CCE72846FFF714FCF8E706480521C5E705
:108550000320C7E705B0F0BDB8C20020B4C20020B8
:10856000A4C2002079C20020BCC20020B0C20020FA
:108570007EC200200220FFF7CBBE0000074B10B5E3
:10858000044618600648FFF71DFE08B1FFF7F0FB30
:10859000002C0CBF0E20002010BD00BFBCC200206C
:1085A000E1830F00184A1948002310B51360184AD8
:1085B0001360184A1360184A1370184A1370184B46
:1085C000184A01211960184B1960184B1970FFF7F0
:1085D000ABFA08B1032010BDFFF72EFC0028FAD13A
:1085E000FFF7F6FD0028F6D1114C4FF41670214626
:1085F000FFF738FC0028EDD120684FF41671BDE874
:108600001040FFF75DBE00BFACC20020ECBC0F0005
:10861000A8C2002080C20020A4C20020C4C2002042
:10862000B4C2002075850F00B0C200207EC20020B9
:10863000B8C200200C4A08B5002313600B4A13602F
:10864000FFF70EFC08B1FFF793FBFFF7CBFD08B176
:10865000FFF78EFB0648FFF7C5FA042802D1002079
:10866000FFF786FB002008BDC0C20020BCC200206E
:1086700084C2002037B50D46044698B191B10A4B2B
:1086800019780022019259B101A91A70FFF760FC14
:10869000019B063B2B8023680433236003B030BD6D
:1086A0000420FBE70E20F9E7A4C200200438FFF7FE
:1086B00003BC000000487047E5800020044B054AD9
:1086C0001878054B00280CBF10461846704700BFAD
:1086D00059C3002083800020388000202DE9FF410D
:1086E0001E4B187020B11E4B45229A720022DA727E
:1086F0001C4A1D4DDFF878C017461C4BEE4603F1AF
:108700001006744618685968F046A8E80300083354
:10871000B342C646F6D12B7803F00F0310336B44F7
:1087200013F8103CD373114B18685968A646AEE88D
:1087300003000833B3427446F6D115F8013B04A98F
:1087400001EB1313654513F8103C9373A2F1020279
:10875000D3D100233B7404B0BDE8F08159C300209D
:10876000E580002048C3002060000010F0BC0F002E
:108770006800001010B570B9134B14481968022234
:1087800003F097F801230133DBB211485B0043F497
:108790004073038010BD052813D80B4B53F82040BD
:1087A000204603F094F8C3B21F2B28BF1F23084AAA
:1087B0002046E1188842E6D010F8014B22F8024F1B
:1087C000F8E70020E6E700BF20800020C8C20020B4
:1087D000C6C2002018DF7047F0B51D46154B87B0A4
:1087E00018680F4659681B7A03AC03C42370124BF8
:1087F00018685968114B009301AC03C42046164613
:1088000003F065F821460246384603F052F801A805
:1088100003F05DF801A90246304603F04AF86846C5
:1088200003F055F869460246284603F042F807B0BF
:10883000F0BD00BF16BD0F000CBD0F00312E300083
:108840000120704710B51C460B781E2B06D0002364
:108850002022052102F0F6FB204610BD0024FBE794
:10886000F8B5069F14460D463A46002118461E46A6
:1088700003F05FF87CB14FF0E023D3F8F03DDB0765
:1088800000D500BE4FF0FF30F8BD284600F00CF9CF
:10889000013504F50074BC4206EB0401F5D3204613
:1088A000F2E70000F8B50C4F0D461E460024069B6B
:1088B0009C4206EB04010CD23A46284600F0C6F969
:1088C000002805DDFCF744FD013504F50074EEE7F2
:1088D000FAD12046F8BD00BF5CC3002030B52B4D57
:1088E0002A7A8DB0CAB106AC18220021204603F0C6
:1088F00020F8062500238DF818508DF82C300CAB8D
:1089000013E903008DE8030094E80F00FCF77CFDF9
:108910000620FCF729FA0DB030BD2B68002BFAD0E9
:108920001B4B197819B105201A70FCF71DFAD5E90F
:1089300000329A42EFD306AC18220021204602F002
:10894000F8FF6B7AF3B1062300254FF420424FF471
:1089500074214FF460208DF818308DF82C5002F0FF
:10896000BEFF0028CBD01022294602A802F0E1FF6A
:108970004FF460224FF4205302A8CDE90323FFF700
:1089800029FFBCE78DF81830B9E700BF5CC30020B1
:10899000F7800020024B0B604FF400731380704788
:1089A00009010100012070477FB52F492F4802F0CF
:1089B00071FF4FF440532E4A596891424CD11A78B6
:1089C000102A46D9142A186944D95B69294CB3FB8B
:1089D000F4F50A2201A904FB153402F035FF2649FB
:1089E000224802F057FF01A9204802F053FF234913
:1089F0001E4802F04FFF0A2201A9284602F024FF78
:108A000001A91A4802F046FF1D49184802F042FF2A
:108A10004FF47A760A2201A9B4FBF6F5284602F053
:108A200013FF01A9114802F035FF15490F4802F064
:108A300031FF0A2201A906FB154002F005FF01A93A
:108A40000A4802F027FF0F49084802F023FF04B04C
:108A500070BD00200023B9E70B49044804B0BDE80D
:108A6000704002F017BF00BF1FBD0F00F88000204C
:108A7000DBE5B15140420F002CBD0F002ABD0F00B5
:108A80002EBD0F0039BD0F0030BD0F0010B50346DD
:108A90001C1A944200DB10BD0C781CB1013103F8A4
:108AA000014BF5E72024FAE72DE9F0410C46054695
:108AB0004FF400720021204602F03BFF65B95C498B
:108AC0003E22204602F0F5FE552384F8FE31AA230B
:108AD00084F8FF31BDE8F081B5F5017F2CD86B1E1D
:108AE000B3F5817F24BF6FF4817805EB08034BB9A0
:108AF000F822227004F109012246FF2002F8010F3A
:108B00009142FBD11A02C3EBC35304EB432302F59A
:108B1000807540F69364111FB1F5696F02F1010190
:108B200006D2A24214BF88B24FF6FF7023F812009B
:108B30008D420A46EFD1CDE7B5F5027F3CD86FF400
:108B4000017C65443DB920463A490B22FFF79EFF60
:108B50002823E3722034384B2E014FF0000803EB3A
:108B600005256FF06507022EB4D80B222946204652
:108B7000FFF78CFF5C236FF04A027C216374E3747F
:108B80006376B31C84F80D80A773E1732274A2741A
:108B900084F8148084F81580A775E17522766383C4
:108BA000E86830B102F093FEE06101362034103500
:108BB000D9E74FF4E910F7E7204B9D428AD86FF4CC
:108BC0000277EA19012A0DD81B4B03EB0213DD686B
:108BD000284602F07CFE294602462046BDE8F041C8
:108BE00002F067BE6FF4FD76A9190902B1F5801F86
:108BF000BFF470AF124B236003F1144303F52C1341
:108C000003F6023363600F4BC4F8FC314FF4696321
:108C1000A3614FF40053A5F20B254FF48072A360BB
:108C2000094B6561E1602261E36104F12000D5E751
:108C30003CBD0F0067BD0F007CBD0F0008010100A7
:108C40005546320A306FB10A45009A23F7B5644B96
:108C500014460A689A420D4608D103F114434A6843
:108C600003F52C1303F602339A4203D04FF0FF3082
:108C700003B0F0BDD1F8FC215A4B9A42F6D18B6873
:108C800023F4FF5323F01E039B049B0CB3F5005FFA
:108C9000ECD10B69B3F5807FE8D1C86810F0FF060E
:108CA000E4D1CB69504A934205D0504A934243D015
:108CB0004F4A9342DAD1A0F58053B3F5692F07D21A
:108CC00001234FF4807205F12001FBF7EFFB02E076
:108CD000B0F5805FCAD2AB695BB32268934207D01C
:108CE00041F263018B4200D80AB14FF0FF33236099
:108CF0006B6941F2630293421BD803F0070204EB55
:108D0000D303012191401A7B1142C8B204D161689A
:108D1000024301311A736160D4E900329A4208D3E8
:108D20000120FBF7A5FB637A1BB1A37A0BB90123E2
:108D300023724FF400709BE701276772CB68B3F191
:108D4000102F17D104223431684602F0B2FD0422FC
:108D500005F138010DEB020002F0ABFD009BB3F50D
:108D6000742F03D1019BB3F57E2F01D027727DE7CD
:108D7000A772B0E7A3F57422B2F5204F28D2E27AA9
:108D800001F12007DAB91B4A934218D32B69B34289
:108D900015D90422B919684602F08BFD009BD02B2F
:108DA00014D10422311D0DEB0200394402F081FD83
:108DB0000F4B019A9A424FF001030ED1E372E8681B
:108DC0002A6901233946A0F5A0307EE70836DDE7A1
:108DD000B3F5805FFFF47FAF0123237246E700BF46
:108DE0005546320A306FB10A4028A5AD3C8263D6A1
:108DF00045009A2300D80F004DDF70474EDF7047C3
:108E00004FDF704750DF704712DF704700F0BCBC87
:108E1000002000F00DBB00001FB5244B402283F85A
:108E2000272300238DF807304FF4405304465A6837
:108E30001F4B9A4227D10DF10700FFF7E5FF9DF880
:108E4000073003B30120FFF7D9FF0120FFF7D4FF5C
:108E50000120FFF7D5FF02A8FFF7D4FF029BDA0736
:108E600002D5002000F090FC029B9B0702D5022057
:108E700000F08AFC2046FFF731FCFFF795FD02F079
:108E800021FC04B010BD002301A88DF80430FCF7CC
:108E900025F8084B039303A8FCF748F8FCF74CF8B7
:108EA0004FF08043D3F838340293D7E700E100E075
:108EB000DBE5B1510D8E0F00012000F065BC08B557
:108EC0000120FBF751FFBDE80840FCF747BA02203C
:108ED000FBF74ABF4FF08053D3F83001082805D183
:108EE000D3F83401003818BF01207047A0F10D03FA
:108EF0005842584170470000094B012283F8D8209E
:108F00000260BFF36F8FBFF34F8F064A904202D0CB
:108F1000043A904202D1002283F8D820704700BF63
:108F200078C500205070024042DF704743DF704731
:108F300044DF704712DF704707B54FF440530020FD
:108F40005A68084B9A420AD18DF807000DF10700C4
:108F5000FFF7F0FF9DF80700003818BF012003B0AD
:108F60005DF804FBDBE5B15107B5FFF7E5FF58B14C
:108F7000002301A80193FFF7DBFF0198003818BF19
:108F8000012003B05DF804FB4FF08043D3F80C04DC
:108F900000F00110A0F1011358425841F1E7000020
:108FA00010B5134B134A5B68C3F3080383B9EFF39F
:108FB00010836BB910494B681B0609D58024C1F892
:108FC000844092F8D8308BB9FFF796FF4C6010BD03
:108FD00092F8D83033B10146BDE81040074801226D
:108FE00001F097B8BDE81040FFF786BF4C60E6E798
:108FF00000ED00E078C5002000E100E0A18F0F0047
:109000000D4B182202FB0033598A1A8A521A998A88
:1090100092B28A4228BF0A46D9681423434303F117
:10902000804303F51C33C3F80016C3F80426034B32
:1090300003EB8000FFF7B4BF78C500200470024046
:10904000074BD3F8C024D10309D406490648D1F808
:10905000C010C3F8A017C3F8A427FFF7A1BF70473B
:109060000070024078C5002048700240082870B4A3
:1090700002D170BCFFF7E4BF0F4D104A00F59473A6
:109080001821414352F823406B18A4B2DE889B8814
:1090900069589B1B9BB2A34228BF2346142404FBA0
:1090A0000022C2F80017C2F80437054B70BC03EB6E
:1090B0008000FFF775BF00BF78C500200070024038
:1090C0002870024070470000014B80225A607047B0
:1090D00000E100E0024B8022C3F88420704700BF0B
:1090E00000E100E0074BD3F80014D3F800240A4352
:1090F000C3F800240022C3F858214FF48002C3F8BB
:10910000042370470070024070B58878404D00F02D
:109110007F0318220C26C4095A4306FB04228E88BA
:109120002A44C6F30A061681CA7802F00302012A0D
:1091300029D00121374A01FA03F5D4B903F10C060D
:10914000B140C2F80413D2F8141503F594732943FF
:10915000C2F8141542F823402E4BC3F8180540F40A
:109160008070C3F80C05BFF36F8FBFF34F8F0120E2
:1091700013E002339940C2F80413D2F810352B43A0
:10918000C2F81035E8E7082B08D04FF0E023D3F8F9
:10919000F03DDB0700D500BE002070BD1D4BDCB9E3
:1091A000B5F8D42012B18022C3F81C250022C3F8E0
:1091B0005021D3F8002312F4001208BFC3F8542141
:1091C000144B4FF44012C3F80423D3F8142542F48F
:1091D0008072C3F81425BFE70022C3F82C21B5F82C
:1091E000C82012B18022C3F81C25D3F8002312F442
:1091F000001208BFC3F85421064B074AC3F80423E2
:10920000D3F8102542F48072C3F81025A4E700BFFC
:1092100078C5002000700240000820002DE9F843C6
:109220001D4B1E4DDFF8808080220124C3F884206E
:10923000274604F10C03A21C07FA02F207FA03F313
:109240001343C5F80833A30003F1804303F51C332F
:1092500000264FF018095E6009FB04809E624A46B2
:109260003146013402F065FB082CE2D10C4BC5F805
:1092700008334A46C5F81C650A486E623146AE643A
:1092800002F057FB044BC5F814758022C5F8107521
:109290005A60BDE8F88300BF00E100E000700240C2
:1092A0000008300038C6002078C50020F7B51F46FA
:1092B00001F07F0018231F4CCD090E4643430C21BB
:1092C00001FB053104EB010C62500022ACF8047084
:1092D000ACF80620D8B9F7B9174BD3F88034C3F3EC
:1092E000C0139D4217D01548FFF75AFE144B5B6818
:1092F000C3F30803003B18BF012300933A463B46E3
:109300003146384600F0EEFE012003B0F0BD45B115
:10931000FFF776FEF8E7002DFAD10A48FFF740FE86
:10932000F2E71C44A37A002BEED0A572FFF79EFE55
:10933000EAE700BF78C5002000700240507002408C
:1093400000ED00E04C70024011F07F0008B507D13D
:109350000D4B01225A65BFF36F8FBFF34F8F08BDCE
:109360000828F8D0084B41F48072C909C3F81825C1
:10937000F1D1064B182202FB00339A7A002AEAD078
:109380009972FFF773FEE6E70070024078C500208F
:1093900011F0770F12D00A4B41F48072C3F80C150C
:1093A000C3F80C25CA09C3F8181504BF01F5947158
:1093B00043F82120BFF36F8FBFF34F8F704700BF7B
:1093C00000700240174B0122002110B5C3F814258C
:1093D000C3F810250A468B0003F1804303F51C33C4
:1093E000013108295A609A62F5D10E4B0E4C5A622F
:1093F0009A64C3F85821D3F80014D3F800240A4320
:10940000C3F80024D3F80023C3F80823074AC3F89D
:1094100004230021DC22204602F08BFA4023A382A1
:10942000238110BD0070024078C500200514C001E2
:109430002DE9F04F9E4B9F4AD3F80013002385B0CF
:109440001C4601201D4621FA03F6F6070BD552F8FB
:10945000236046B100FA03F6344342F82350BFF3C9
:109460006F8FBFF34F8F0133192BECD1E10706D576
:10947000FFF7A8FF00210122084600F004FE14F4C3
:10948000006F8D4D08D08A4BD3F8A8369BB2A5F853
:10949000D230012385F8D730A20224D5844ED6F8E5
:1094A0001435DB0514D4D6F81035DF0540F1B28051
:1094B00095F8D73093B1B5F8D2200023012185F873
:1094C000D73092B200911846882100F00BFE05E0DB
:1094D000FFF7B6FDD6F81035D805E9D401220321EF
:1094E000002000F0BDFD610228D5714BD3F8006467
:1094F00006F4E062C3F80024F20506D50122C3F8A1
:109500002C250421002000F0ABFD77050FD5684B1A
:109510000122C3F808259A65D3F8002312F400123B
:1095200008BFC3F854214FF40012C3F80423B60552
:1095300004D501220521002000F092FD20022BD548
:109540005B4BD3F88014C9B28DF80810D3F884248B
:10955000D2B28DF80920D3F888048DF80A00D3F828
:109560008C048DF80B00D3F890048DF80C00D3F820
:1095700094048DF80D00D3F898048DF80E00D3F8FC
:109580009C348DF80F30490601D1052A04D0012200
:1095900002A9002000F08DFD484B234053B195F8FF
:1095A000D830002B3BD14FF0E023D3F8F03DDB0760
:1095B00000D500BE404FDFF8F8A03B4600264FF034
:1095C000140B4FF0180906F10C0224FA02F212F003
:1095D000010F03F1180839D00BFB06A21968D2F865
:1095E000082709FB065051FA82F11960C188D2B2EE
:1095F00012FA81F189B2082EC1801AD019899142DC
:1096000017D1C288998892B2914212D95EB10136BF
:109610004346D8E74FF40013C6F808335EE700234B
:1096200085F8D830C6E72648FFF7BAFC012643463E
:10963000C9E709FB0652D1889980D288012300939B
:10964000002392B2F1B2184600F04CFD0136092E0B
:109650004346B8D11B4B2340002B00F08C80144BA9
:10966000D3F86C94C3F86C94BFF36F8FBFF34F8F34
:1096700014F480641EBFD3F88044D3F8803483F0A0
:1096800080080D4B1ABFC4F3C014C8F3C018A0461D
:1096900000264FF0180B29FA06F212F0010F03F121
:1096A000180A11D166BB7CB953460126F3E700BF07
:1096B000007002400071024078C50020FCFB1F00D2
:1096C0004C700240000400012E4A142101FB0622C6
:1096D000D968D2F8082651FA82F1D9600BFB0651FD
:1096E000F0B2B1F812C01FFA8CFC5CFA82F292B2AE
:1096F0004A824A8A1B8A92B293421AD9FFF780FCA7
:109700000136082E5346C6D100244FF0180A4FF0F8
:10971000010B04F1100329FA03F313F0010F07F111
:1097200018061AD11CBBB8F1000F0DD13746012421
:10973000EFE74A8A01230093002340F0800192B2B0
:10974000184600F0CFFCDBE7EB88BA889BB29A4260
:109750000AD80124AC723746DBE70AFB0452B98809
:10976000D3889BB2994209D9E0B2FFF77FFC01345C
:10977000082C3746CDD105B0BDE8F08F82F80AB08D
:10978000F5E700BF00700240012813B5044600F061
:10979000C380022859D0002855D1784BD3F8002532
:1097A000002A50D14FF48002C3F808234FF400621E
:1097B000C3F80024BFF36F8FBFF34F8FFFF78AFB0F
:1097C00060B16F4BD3F8001C032269BB49F27531BD
:1097D000C3F8001CC3F8142DC3F8001C4FF08053CD
:1097E000D3F83031082B0CD1654BD3F8001CC022C4
:1097F000E9B949F27531C3F8001CC3F8142CC3F859
:10980000001C5E4B0124C3F80045BFF36F8FBFF30C
:109810004F8FFFF7A9FBB0B9FFF78EFB50B102B035
:10982000BDE81040FFF780BBC3F8142DD6E7C3F89E
:10983000142CE6E74FF08043C3F80001D3F8002171
:109840000192019A1C6002B010BD4C4CD4F8043552
:109850001BB1FFF789FB0028F5D1D4F800341B05B4
:10986000FBD54FF40063C4F80034BFF36F8FBFF330
:109870004F8F4FF08053D3F83031082B0CD1404B31
:10988000D3F8001C00293FD149F27532C3F8002CEF
:10989000C3F8141CC3F8002CFFF71CFB58B1384B5D
:1098A000D3F8001CA1BB49F27532C3F8002CC3F8F1
:1098B000141DC3F8002C4FF08053D3F83031082B1F
:1098C0002E4B0AD140F2E372C3F800284022C3F8BD
:1098D0000428BFF36F8FBFF34F8F80220121C3F89D
:1098E0001C25C3F80413274BC3F884215A60FFF7E3
:1098F0003BFB0028FBD0214B0122C3F80425BFF31A
:109900006F8FBFF34F8F9EE70022C3F8142CC3E77D
:109910000022C3F8142DCEE7184BD3F80025002AF7
:1099200091D00022C3F80425BFF36F8FBFF34F8F90
:1099300014498020C1F88400D3F80013C3F8081339
:10994000C3F80025BFF36F8FBFF34F8FFFF7F4FA13
:1099500078B1FFF7EBFA0C4B5A68C2F30802003AF1
:1099600018BF01220221002002B0BDE8104000F023
:1099700077BB4FF080435C60EDE700BF00700240B2
:1099800000E0064000E100E000ED00E00A4403468C
:1099900090B2884202D39A89824202D25B891844EB
:1099A00080B2704782888A4210B504D884898B1AA5
:1099B0009BB29C4203D243891A44891A8BB2038218
:1099C00010BD930813B501EB8303044699420BD1F4
:1099D00012F0030206D0002301A8019301F069FFF1
:1099E000019B236002B010BD51F8040B2060EDE72D
:1099F0002DE9F347BDF82850AB42A3EB0509884693
:109A0000194638BF43891FFA89F93CBFA9EB030304
:109A10001FFA83F983884B450746144605D2FFF7A2
:109A2000C1FF058AB0F80490ADB2B9F1000F20D0A3
:109A3000A14528BFA146BC88AC421ED9FA883B6824
:109A4000661B02FB053AA9EB04049DF82C302C445C
:109A5000B1B214FB02F416FB02F6012BB6B2A4B2AB
:109A600018D089450CD802FB09F25146404601F056
:109A700020FF484602B0BDE8F0872D1BADB2DBE702
:109A800032465146404601F014FF3968224608EB41
:109A90000600ECE7894507D819FB02F292B251465D
:109AA0004046FFF78EFFE4E726F00305ADB22A46F5
:109AB00051464046FFF785FF16F003062AD0C6F14F
:109AC00004039BB2A34228BF234600225544E41A54
:109AD0000DF1040C0192A4B22946624611F8010B63
:109AE0000CF8010B701A55FA80F0C0B20028F5D1BD
:109AF0003968013E32440B448B4206D1019BC8F8C1
:109B00000030002CB5D02246CAE711F8010B02F84C
:109B1000010FF1E73968F4E713B5930800EB83030D
:109B2000984209D112F0030204D00B68019301A9F5
:109B300001F0BFFE02B010BD0C6840F8044BEFE727
:109B400070B59A42A2EB03041D4638BF4389A4B204
:109B500038BFE41A838838BFA4B2A3420E46114628
:109B600002D2FFF71FFF848874B18388AB4208D903
:109B7000C2880168304602FB051101F09AFE0120FF
:109B800070BDED1AADB2F1E72046F9E72DE9F74FC8
:109B90000746B0F80E90008ABD888A46397A164684
:109BA0001FFA89F9FA8880B299BB8145A9EB0001B7
:109BB00038BF788989B23CBF091A89B2691A89B25B
:109BC0008E4228BF0E464C46AC422AD2A5EB040872
:109BD000751B254438681FFA88F115FB02F518FB40
:109BE00002F8012B1FFA88F8ADB202FB040425D05D
:109BF0008E4219D872435146204601F05AFE324631
:109C000049463846FFF7C2FEF881304603B0BDE84A
:109C1000F08FAE4221BF761B02FB06AA81462E467C
:109C2000D1E7641BA4B2CFE742465146204601F07B
:109C300040FE38682A460AEB0801DEE78E4207D864
:109C400016FB02F292B251462046FFF765FFD6E7B7
:109C500028F0030B1FFA8BFB5A4651462046FFF7AC
:109C60005BFF18F003082CD0C8F104039BB2AB4291
:109C700028BF2B46DAF800200192ED1A08F1FF31D7
:109C80000BF1FF3B01A8ADB2C9B25C4402460139F9
:109C9000C9B210F801CB04F801CFFF29F7D1386819
:109CA000904408EB0301421E884505D11844002D5D
:109CB000A5D02A465146C8E718F8014B02F8014FD3
:109CC000F2E73868F3E7B2F5004F10D8828052000F
:109CD000C38092B29DF800300372531E83815242BA
:109CE0000023C3810160428103820120704700206C
:109CF0007047C189028A89B292B29142A1EB0203F4
:109D000038BF428980889BB23CBF9B1A9BB2984265
:109D100028BF18467047C289038A92B29BB2D31AF1
:109D200058425841704710B5C189028A848892B25E
:109D300089B29142A1EB020338BF42899BB23CBF7A
:109D40009B1A9BB2E01A80B210BD38B5C289038A53
:109D500004469BB292B2FFF7F3FE218A0546024603
:109D600089B22046FFF712FE2082284638BD73B51F
:109D7000C389058A0026ADB20446CDE900569BB2E0
:109D8000FFF736FE218A0546024689B22046FFF7D4
:109D9000FDFD2082284602B070BD38B5C589028A13
:109DA000ADB292B2AA42A5EB020388BF42899BB230
:109DB00088BF9B1A828888BF9BB29A42044614D1FE
:109DC000007A90B938BD801A80B29042FBD2E28806
:109DD000236802FB003001F06CFD01222946204679
:109DE000FFF7D4FDE0810120ECE72846EDE712B152
:109DF0000023FFF7CBBE104670470023C3810382C8
:109E000083885B009BB25A1E5B42828143810120A2
:109E100070470172012070470B4B63B10B4B1B78ED
:109E2000834206D90A4B1B6800EB400003EBC000DD
:109E30007047C01AC0B2012803D8064B00EB40009F
:109E4000F4E70020704700BF0000000019C70020A1
:109E50001CC7002028BE0F0070B5104E0546002418
:109E60002046FFF7D9FF43682846984733780134E6
:109E7000E4B20133A342F3DA37220021084801F0AB
:109E800058FD1022FF21074801F053FDBDE8704046
:109E900005481222FF2101F04CBD00BF19C7002068
:109EA00020C7002023C7002033C7002070B50C4610
:109EB00005461646C86800F08FFDE368324628461E
:109EC0000021BDE87040184770B50546041D0E46D8
:109ED000104662B12046FFF760FF044634B94FF0E8
:109EE000E023D3F8F03DDB0700D500BE70BD2B7832
:109EF000012B0AD02046FFF750FF2B78012B044698
:109F0000ECD10020FFF7E0F8E8E7FFF7E3F831468F
:109F1000F0E70000024B5878003818BF0120704766
:109F200020C70020024B1878C0F38000704700BFA4
:109F300020C70020014B1878704700BF18C70020C9
:109F4000F8B5164E3178054629BB3722144801F082
:109F5000F0FC1448FFF751FF134B144A1A60144BDE
:109F600023B11448AFF30080134B1860114F002445
:109F70002046FFF751FF036898473B780134E4B26D
:109F80000133A342F4DA2846FFF79CF82846FFF78E
:109F90009BF8012333700120F8BD00BF18C70020D3
:109FA00020C700207C82002054C600207882002038
:109FB0000000000019C700201CC700201FB543780F
:109FC000023B0A46032B12D8DFE803F0022A1921CC
:109FD000214B19786FF300011970197800246FF381
:109FE000410119705C70197864F3820119701B4B80
:109FF0000146186804B0BDE81040FFF765BF164B76
:10A000001978C90726D5197841F00401EEE71249FD
:10A010000B78DC071ED50B786FF382030B70E6E735
:10A020000D490B785B0715D50B786FF382030B7026
:10A030000023CDF80630CDF80A30ADF80E300378A5
:10A040008DF8043005238DF80530044B01A91868FC
:10A05000FFF73AFF04B010BD20C7002054C600200F
:10A060001FB500238DF804008DF8051001A81146D6
:10A07000CDF80630CDF80A30ADF80E30FFF79EFF70
:10A0800005B05DF804FB1FB50023CDF80630CDF810
:10A090000A30ADF80E308DF8040001238DF8081059
:10A0A00001A811468DF80530FFF788FF05B05DF86F
:10A0B00004FB1FB5002314460822CDF80630CDF866
:10A0C0000A30ADF80E308DF8040006230DEB0200C7
:10A0D0008DF8053001F0EDFB214601A8FFF76EFF7A
:10A0E00004B010BD1FB500248DF804000720CDF882
:10A0F00006408DF805008DF8081001A89DF818108D
:10A10000ADF80A4003928DF80930FFF757FF04B00D
:10A1100010BD1FB54FF40063CDE90130039101A8D4
:10A120001146FFF74BFF05B05DF804FB38B58B789F
:10A1300003F07F03082B05460C4608D94FF0E023B7
:10A14000D3F8F03DDB0700D500BE002038BD064B3C
:10A150002046997801F0C5FA0028EFD0214628461C
:10A16000BDE83840FEF7D0BF20C700202DE9F047FA
:10A17000DDE9086781460C4690469A460025A845C9
:10A1800001DC01200FE06378052B04D1E37803F0B4
:10A190000303534509D04FF0E023D3F8F03DDB072C
:10A1A00000D500BE0020BDE8F08721464846FFF7F5
:10A1B000BDFF0028EFD0A378DA0914BF3B703370DD
:10A1C000237801351C44DAE70B4B01F07F0203EBE7
:10A1D000420303EBD1112031487910F0010008D17E
:10A1E0004B795B0706D44B7943F004034B71012094
:10A1F00070470020704700BF20C700200B4B01F0C4
:10A200007F0203EB420303EBD11120314B7913F0B2
:10A21000010209D14B79C3F380005B0705D54B7967
:10A2200062F382034B7170470020704720C7002003
:10A2300070B5124C01F07F0604EB460404EBD11418
:10A2400020346579ED0708D54FF0E023D3F8F03DD1
:10A25000DB0700D500BE002070BD657945F0010523
:10A260006571FFF723F80028F6D1627960F30002E8
:10A270006271627960F382026271E5E720C70020B3
:10A28000054B01F07F0203EB420303EBD11191F880
:10A29000250000F00100704720C7002010B50B4CCE
:10A2A00001F07F0204EB420404EBD1142034637903
:10A2B0009B0709D4FFF748F8637943F00203637101
:10A2C000637943F00103637110BD00BF20C7002014
:10A2D00010B50B4C01F07F0204EB420404EBD114E7
:10A2E000203463799B0709D5FFF752F863796FF340
:10A2F0004103637163796FF30003637110BD00BFA5
:10A3000020C70020054B01F07F0203EB420303EB63
:10A31000D11191F82500C0F34000704720C70020FC
:10A320002DE9F04F87B001F0DAF9002800F08B82B8
:10A33000B24CB34B1E683378012B02D10020FEF7DC
:10A34000C9FE03A9301DFFF700FD3378012B054638
:10A3500002D10020FEF7B8FE002D00F074829DF8B7
:10A360000D30013B072B00F2AA82DFE813F0080052
:10A3700012009002770285021E004402A1029DF89D
:10A380000C00FFF769FD00F01FFB9DF81030A37073
:10A39000CFE79DF80C00FFF75FFD00F015FB994B30
:10A3A000002BC6D0FEF793FDC3E723789DF80C5031
:10A3B00043F00103237094F825306FF3000384F811
:10A3C000253094F825306FF3820384F8253094F813
:10A3D00026306FF3000384F8263094F826300020EE
:10A3E0006FF3820384F8263000F0F6FA9DF81060CF
:10A3F00006F06002602A11D14FF0E023D3F8F03D5F
:10A40000DD0700D500BE9DF80C000021FEF79CFF83
:10A410009DF80C008021FEF797FF8AE7402A0DD1B6
:10A4200079480028EFD000F0D7FA04AA0021284686
:10A43000AFF3008000287FF47CAFE4E706F01F064E
:10A44000012E00F06D81022E00F09481002ED3D1F8
:10A45000202A0FD19DF814300F2BD4D82344D8785C
:10A46000FFF7DAFC01460028CDD004AA2846FFF702
:10A470001DFDDFE7002ABFD19DF81130092BBBD8A5
:10A4800001A252F823F000BF0BA70F00F9A60F009E
:10A49000F9A30F00E5A60F00F9A30F00B1A40F0068
:10A4A0002FA60F00F9A30F00CBA40F00E1A40F000B
:10A4B00004A800F097FA9DF812102846FEF712FE45
:10A4C000237843F00203237033E763788DF80A3072
:10A4D00001230DF10A0204A9284600F049FA28E7F1
:10A4E0009DF812906378994537D063783BB1284640
:10A4F000FEF794FEA6782846FFF7AEFCA670B9F1E9
:10A50000000F2AD009F1FF30C0B2FEF7D7F810B122
:10A510004378022B08D04FF0E023D3F8F03DDF075B
:10A520007FF56AAF00BE67E7C379C3F38012C3F358
:10A5300040131B0143EA4213227822F030021343F6
:10A5400023704388C31800F109060093009BB342AF
:10A550000AD82E4B0BB1FEF7B2FC84F8019004A987
:10A56000284600F0F3F9E4E673780B2B03BF337849
:10A5700096F80380F6184FF001087378042BCAD1BF
:10A58000009BA3EB060A1FFA8AF300270193BA4641
:10A590003846FFF741FC31468368019A83462846D6
:10A5A00098470828024639D9019B834236D3B8F12F
:10A5B000010F06D1DBF80810154B994208BF4FF088
:10A5C00002080021CBB298450DD83B4631461148D0
:10A5D000019201F0B5F8104B019A1B7801335345F5
:10A5E0001644B3DA97E7B078034454FA83F30131A1
:10A5F000D878FF288FD1DF70E4E700BF20C70020A4
:10A6000054C60020CF8E0F0000000000BF8E0F0048
:10A6100071AC0F0033C7002019C70020AC4B1B786A
:10A620000137FFB20133BB42BA46B1DA73E7BDF876
:10A6300012301A0AD8B2531E0E2B3FF6E4AE01A117
:10A6400051F823F081A60F00ABA60F00C3A60F00A0
:10A6500007A40F0007A40F00D7A60F00ABA60F009A
:10A6600007A40F0007A40F0007A40F0007A40F0002
:10A6700007A40F0007A40F0007A40F0093A60F0064
:10A68000FEF718F81223024604A9284600F070F9D4
:10A69000D0E6904B002B3FF4B6AEAFF300800246FD
:10A6A00000283FF4A9AE4388EEE7022A02D1FEF764
:10A6B00005F8F4E7884B002B3FF4A5AEAFF300801C
:10A6C000EDE7BDF81410FEF755F8024600283FF4F8
:10A6D0009AAE0378D8E7814B002B3FF494AEAFF3EA
:10A6E0000080F2E7BDF81230012B7FF48CAE2378A6
:10A6F00043F00803237032E7BDF81230012B7FF4DA
:10A7000082AE23786FF3C303F4E72378C3F34012D8
:10A710009B0803F002031343ADF80A300223D8E686
:10A720009DF814300F2B3FF66EAE2344D878FFF718
:10A7300073FB014600283FF466AE04AA2846FFF7E3
:10A74000B5FB00287FF4F5AD9DF8103013F06007DD
:10A750007FF459AE9DF811300A3B012B3FF653AE02
:10A7600000F03AF99DF811300A2B7FF4F8AE8DF81D
:10A770000A70ADE69DF8141001F07F03082B3FF638
:10A780003BAE04EB430303EBD113D87CFFF744FB50
:10A7900007462AB100283FF436AE04AA014665E612
:10A7A0009DF8113003F0FD02012A08D0002B7FF440
:10A7B00023AE2846FFF7A6FDADF80A00AEE7BDF8C8
:10A7C000122022B9012B284612D1FFF781FD002F5C
:10A7D0003FF4AFAD04AA39462846FFF767FB0020D7
:10A7E00000F0FAF894F82630DE073FF5A2ADB6E6A1
:10A7F000FFF754FDEBE79DF8101001F07F0504EB27
:10A80000450303EBD11393F825006FF3000083F8A1
:10A81000250093F825006FF3820083F825003DB9E9
:10A82000059B9DF811209DF80C0000F0E9F880E5EB
:10A83000D87CFFF7F1FA48B94FF0E023D3F8F03DA8
:10A84000D80700D500BE07B0BDE8F08F0569059BAD
:10A850009DF811209DF80C00A8476AE52378D907D8
:10A860007FF567AD1E4B002B3FF463AD2078C0F33E
:10A87000C000AFF300805CE52378DA077FF559ADBF
:10A88000184B002B3FF455ADAFF3008051E5104E4F
:10A8900000252846FFF7C0FA436913B19DF80C0064
:10A8A000984733780135EDB20133AB42F1DA40E538
:10A8B000049B002B3FF43DAD0598984739E54FF0D8
:10A8C000E023D3F8F03DDB077FF533AD00BE30E584
:10A8D00019C7002000000000000000000000000078
:10A8E000000000000000000070B5124B9989DA8961
:10A8F0008C1AA4B2054693F90000402C28BF4024CE
:10A9000000280EDA914212D099680B48224600F0D6
:10A91000D0FF8021084A23462846BDE87040FFF753
:10A9200087BC91424FF00001F4D10A46F3E7802141
:10A930000022F0E798C7002058C70020C943002331
:10A940001A4601F08001FFF773BC000030B4074CD9
:10A9500005460B4608684968224603C20022C4E93E
:10A9600002222846197830BCFFF7E8BF98C70020BC
:10A97000F8B5144E0C46054608684968B26037467B
:10A9800003C70021F181E1888B4228BF0B46B381C8
:10A99000E18889B14BB142B94FF0E023D3F8F03DE3
:10A9A000DB0700D500BE002005E02846FFF79CFF2E
:10A9B0000028F1D00120F8BD21782846FFF7BEFF1E
:10A9C000F6E700BF98C7002002481422002100F0DB
:10A9D000B0BF00BF98C70020014B1861704700BF8F
:10A9E00098C7002010B50246044C00685168234601
:10A9F00003C30023C4E9023310BD00BF98C7002081
:10AA000070B5294C1E462378C909B1EBD31F054602
:10AA100015D03EB14FF0E023D3F8F03DDB0741D431
:10AA2000002070BD214B13B12146AFF30080236994
:10AA30001BB11D4A0221284698470120F1E794F9ED
:10AA40000030A068002B05DB0028E9D01849324609
:10AA500000F02FFFA268E38932443344A260E28809
:10AA60009BB29A42E38101D03F2E17D8236933B9B4
:10AA700021782846FFF762FF0028DED1CAE70121CE
:10AA8000094A2846984701460028F1D12846FEF792
:10AA90005BFC80212846FEF757FCCEE72846FFF7EF
:10AAA00023FFE9E700BEBBE798C7002000000000D5
:10AAB00058C7002070B500F1100504462846FFF77E
:10AAC00032F93F2817D9E1780020FFF77DFB90B1DC
:10AAD0002846FFF728F93F28E17807D904F638021D
:10AAE0004023BDE870400020FFF7A2BBBDE87040E6
:10AAF0000020FFF783BB70BD08B5044B40F6B802D9
:10AB000002FB0030FFF7F5F808BD00BFBCC700200E
:10AB100040F6B80370B503FB00F4064E04F11000D4
:10AB200092B23044FFF723F905463019FFF7C2FF10
:10AB3000284670BDACC700202DE9F0410446FFF760
:10AB4000E9F970B3FFF7EEF9064650BB40F6B803DB
:10AB5000DFF860805C4304F1240545442846FFF794
:10AB6000C8F8F0B108EB04073046B978FFF72CFBC2
:10AB7000B8B104F678044444214628464022FFF741
:10AB8000F6F8B978054688B1034622463046FFF705
:10AB90004FFB48B94FF0E023D3F8F03DDB0700D579
:10ABA00000BE0020BDE8F0812846FBE7FFF726FB4A
:10ABB000F7E700BFACC7002070B50A4D40F6B803F8
:10ABC00003FB005592B204462846FFF710F90646EB
:10ABD0002846FFF78EF83F2802D92046FFF7ACFF42
:10ABE000304670BDD0C7002037B5144C40F6B802CF
:10ABF0000021204600F09DFEFF234FF44242012534
:10AC00006371E2800023082263812273258104F1AD
:10AC1000380100934FF480622B4604F11000FFF7D7
:10AC200052F800952B464FF4806204F5876104F1D9
:10AC30002400FFF748F803B030BD00BFACC70020C8
:10AC400010B50A4C00210522204600F072FE04F1E6
:10AC500010002434FFF7D1F82046FFF7CEF8204645
:10AC60000121BDE81040FFF7D4B800BFACC70020F9
:10AC7000F7B54B79022B06460CD18B79022B09D103
:10AC8000234FBB7853B14FF0E023D3F8F03DDB07FF
:10AC900000D500BE0025284603B0F0BD8B783B7080
:10ACA0000B780925CC186378242B21D195421AD929
:10ACB0006378042B13D163790A2B10D1154B2778B5
:10ACC00001930133009302231A46E1193046FFF73E
:10ACD0004DFA0028D7D00E3517FA85F5ADB20C48DD
:10ACE000FFF7E8FED7E723781D44ADB21C44DAE74E
:10ACF000052BDDD121463046FFF718FA0028C2D0D7
:10AD0000A3787B7023781D44ADB21C44D0E700BF0C
:10AD1000ACC70020AEC7002070B50B4611461278B4
:10AD200002F06002202A45D1234E8A88347894426A
:10AD300040D14A78203A032A3CD8DFE802F00213D7
:10AD4000162F2BB91D4A0723FFF712FE012070BDF5
:10AD5000022BFBD11A4B002BF8D018490020AFF37F
:10AD60000080F3E7002BF1D1ECE713B9FFF7EEFD1C
:10AD7000ECE7022BEAD14C881248347104F001054B
:10AD800085F00101FFF745F80F4B002BDED0C4F32F
:10AD9000400229460020AFF30080D7E7002BE5D022
:10ADA000022BD3D1094B002BD0D049880020AFF320
:10ADB0000080CBE70020CAE7ACC70020B2C7002064
:10ADC00000000000D0C700200000000000000000CC
:10ADD0002DE9F047344C1D46E3788B4207460E467A
:10ADE00012D1AAB204F6380104F11000FEF7FFFFF9
:10ADF0002E4BB3B92E4B73BB2B48FFF75BFEA378EA
:10AE0000B34230D001200AE0A3788B42F7D04FF054
:10AE1000E023D3F8F03DDB0700D500BE0020BDE8FD
:10AE2000F0876379FF2BE5D004F637094FF000086F
:10AE300004F1100AA845DDD0627919F8013F9A4261
:10AE400006D15046FEF767FF10B96179AFF3008075
:10AE500008F10108EEE71748FEF75DFF0028CBD1A7
:10AE6000FDF774F9C8E7144B13B10020AFF300806D
:10AE70000020FFF761FE0028C4D11048FEF739FF1B
:10AE80000028BFD1002DBDD015F03F05BAD1A17863
:10AE90003846FFF799F90028B4D0A1782B462A4606
:10AEA0003846FFF7C5F9ADE7ACC700200000000049
:10AEB0004D810F00BCC7002000000000D0C700205B
:10AEC00030B4104B02249A6B83F82C10996883F8E5
:10AED000304093F83C408A1A9A6224B942F2050540
:10AEE0009D8783F83E4051B14AB11A7BD20930BCEC
:10AEF00014BF93F82E1093F82F10FFF7CFB930BC82
:10AF0000704700BF64E0002038B5154B154C05466E
:10AF100073B1607BAFF3008050B942F2077384F8DD
:10AF20003E00A38728460121BDE83840FFF7C8BF8F
:10AF3000A26BA36894F82F109B1AB3F5805F28BF0B
:10AF40004FF48053084A9BB22846FFF771F930B995
:10AF50004FF0E023D3F8F03DDB0700D500BE38BD4D
:10AF60000000000064E0002064D0002073B5234C92
:10AF7000E28AA368054622B152BA92B2B3FBF2F25A
:10AF800092B2A06BD4F81110B0FBF2F61B1AB3F515
:10AF9000805F28BF4FF48053009309BA184B02FB1F
:10AFA00016023144607BFDF75BFC031E0CDA43F2B2
:10AFB0000333A38701210023284684F83E3002B0E2
:10AFC000BDE87040FFF77CBF94F82E1006D10093C7
:10AFD0001A462846FFF786F802B070BD084A9BB2B1
:10AFE0002846FFF725F90028F6D14FF0E023D3F8E3
:10AFF000F03DDB07F0D500BEEEE700BF64E00020C7
:10B0000064D000208368C28A23B9003A18BF0122A5
:10B0100050007047C17B282904D1017BC90906D1A2
:10B02000022070472A2902D1017BC909F8D13AB11F
:10B0300052BA92B293422CBF0020012040007047C8
:10B0400001207047044880F83C1080F83D2080F8CB
:10B050003E300120704700BF64E0002002484022DB
:10B06000002100F066BC00BF64E0002002484022DE
:10B07000002100F05EBC00BF64E0002073B54B7996
:10B08000082B05460ED18B79062B0BD1CB79502B93
:10B0900008D1162A09D84FF0E023D3F8F03DDA079B
:10B0A00000D500BE002002B070BD134C8B7884F830
:10B0B0002D3004F12E030E78019304F12F03009339
:10B0C00002231A463144FFF751F80028E3D0002349
:10B0D00084F8303094F82F101F2322462846FFF7BB
:10B0E000A7F828B94FF0E023D3F8F03DDB0701D4EF
:10B0F0001720D8E700BEFBE764E0002073B50546E3
:10B10000144611B1012002B070BD137803F07F0224
:10B11000022A47D16278012A44D16288002A41D1AB
:10B12000A3883D4C94F83020042ADBB203D11946A1
:10B13000FFF7B4F8E6E794F82E10994218D1022AE6
:10B14000E0D1A26BA3689B1AA362032384F830307A
:10B1500004F120020D23FFF76BF80028D2D14FF045
:10B16000E023D3F8F03DDB0700D500BE0020CAE79E
:10B1700094F82F609E42C5D1002AC3D13146FFF713
:10B180007FF80028BED131462846FFF7BBF80028DB
:10B19000B8D1002384F830301F4A94F82F101F23B1
:10B1A0002846D8E703F06003202BDFD16378FE2B1D
:10B1B00015D0FF2BDAD16388002BD7D1E1888AB272
:10B1C000002AD3D1144B284699872146C3E90D2282
:10B1D00083F8302083F83E20FFF7B8FB92E76388BE
:10B1E000002BC3D1E388012BC0D18DF807300B4B66
:10B1F0001BB1AFF300808DF807009DF80730002BDE
:10B20000B4D0013B8DF807300DF107020123214630
:10B210002846FFF7ADFB75E764E000200000000062
:10B22000F0B5A84C94F83070012F8FB005461E463B
:10B2300000F07E81032F00F00282002F40F0858114
:10B2400094F82F308B4240F098811F2E03D1226852
:10B250009D4B9A420FD094F82E100423284684F870
:10B260003030FFF71BF894F82F102846FFF716F838
:10B2700000200FB0F0BD954BE27B23626368A668A7
:10B2800084F82C70C4E90937282A4FF00103C4E977
:10B290000D6784F830300BD12046FFF7B3FE01462E
:10B2A000D8B9002E40F04E81022384F830304CE1B2
:10B2B0002A2A0AD12046FFF7A5FE014668B9002ECA
:10B2C000F2D02846FFF720FE3FE1D6B1237BDB0911
:10B2D00017D1B6F5805F04D901212846FFF7F0FDAC
:10B2E00033E17B4AB3B22846FEF7A2FF002840F0C4
:10B2F0002C814FF0E023D3F8F03DDB07B8D500BE3A
:10B30000B6E7252A667B08D8192A17D8032A00F041
:10B31000E980122A00F09B8072B394F83C30002B35
:10B32000DAD1A38E6A4A6B49607BFDF78BFA031E64
:10B33000D2DB5CD1A368002BB6D0CDE71A3A0B2A3A
:10B34000EBD801A353F822F095B40F0099B30F0086
:10B350001BB30F001BB30F001BB30F001BB30F0079
:10B360001BB30F001BB30F001BB30F0009B40F007A
:10B370001BB30F00B3B30F003046FDF761FA00288E
:10B38000D8D194F83C30002BC7D140F20243A387B8
:10B39000002384F83E30C0E74F4B002BCAD0E17C3D
:10B3A0003046C1F3400301F001020909FDF7FAFA42
:10B3B000E5E70DF10E0204A93046FDF7EBFA049B18
:10B3C000BDF80E2003B13AB994F83C30002BA4D15B
:10B3D00040F20242A287DCE712BA013B1BBA069296
:10B3E0003B480593082205A900F063FA0823A268E8
:10B3F000002A3FF471AF934228BF13466363344A77
:10B4000094F82E109BB26EE70023CDE90533079325
:10B4100008238DF817300DF10E02022304A93046DF
:10B420008DF81C30FDF7B6FA049A002ACCD0BDF88E
:10B430000E30002BC8D012BA5BBA06922448ADF881
:10B440001E300C2205A900F034FA0C23CFE7242289
:10B45000002105A800F06DFA204B05930822202159
:10B4600007A800F066FA1022202109A800F061FA6E
:10B47000042220210DA800F05CFA0DAB09AA07A94F
:10B480003046FDF7A9F91248242205A900F011FA67
:10B490002423ACE703230593114B8BB13046AFF364
:10B4A00000809DF8163080F0010060F3C71304227D
:10B4B00007488DF8163005A900F0FBF9042396E73C
:10B4C0000120EEE764E000205553424355534253B8
:10B4D00064D0002073E00020A5890F0000800202E4
:10B4E000000000001222002105A800F022FAF0233B
:10B4F00094F83C208DF814300A238DF81B304FF05F
:10B50000000362F303038DF8163094F83D308DF894
:10B510002030664894F83E308DF82130122205A97B
:10B5200000F0C7F90023A38784F83E3012235EE7BA
:10B53000E37BA06B282B22D1636B30449842A0633D
:10B54000BFF4B2AE2846FFF711FD94F83030022B5D
:10B5500013D194F82E102846FEF7D4FE68B9A368DC
:10B56000A26B94F82E10934240F29180207BC00988
:10B5700000F08D802846FEF791FE012079E62A2B07
:10B580003ED1E28A2AB152BA92B2A368B3FBF2F377
:10B590009AB2D4F81110454F009609BAB0FBF2FCEC
:10B5A0003B4602FB1C026144607BFDF77BF9011EF8
:10B5B00009DAA36B3344A36343F20333A387002365
:10B5C00084F83E3088E68E4212D9761A39B1A36BE0
:10B5D00032460B4438463944A36300F090F9002307
:10B5E000009394F82F1032462846FEF77BFDACE717
:10B5F000A36B626B33449342A363BFF455AE60E622
:10B60000237B3044DB09A0630CD1A38E274A607BE7
:10B6100004F10F01FDF716F9002803DA3946284630
:10B62000FFF74EFCD4E90D329A42BFF43DAE4FF025
:10B63000E023D3F8F03DDA0787D500BE85E794F81C
:10B640002E308B4281D10D2E7FF47FAFE37B282BF0
:10B6500009D02A2B14D0164B53B1607B04F10F0193
:10B66000AFF3008004E0134B13B1607BAFF30080B5
:10B67000002384F83030104A94F82F101F2332E64C
:10B680000E4B002BF4D0607BFDF728F9F0E79B1AF6
:10B69000A362032384F83030094A0D232846FEF7BD
:10B6A000C7FD00287FF469AF23E600BF64D0002007
:10B6B000000000000000000064E00020DD880F00B2
:10B6C00084E0002008B50020FEF73AFC30B94FF0C6
:10B6D000E023D3F8F03DDB0700D500BE08BDFEF740
:10B6E00029BC8388C07800F003000228C3F30A0352
:10B6F00014D003281CD001280ED1022940F2FF32B9
:10B7000008BF4FF480629A420ED24FF0E023D3F884
:10B71000F03DDB0700D500BE00207047022904D1B0
:10B72000B3F5007FF1D101207047402BFBD9ECE746
:10B73000022914BF40224FF480629A42F3D2E4E718
:10B7400030B50A44914200D330BD4C78052C06D167
:10B750008C7804F07F0500EB4505E4092B550C7847
:10B760002144EFE70649074A074B9B1A03DD043BD8
:10B77000C858D050FBDCF9F79DFCF8F78BFD0000B2
:10B78000B4BE0F000080002098820020FEE7FEE794
:10B79000FEE7FEE7FEE7FEE7FEE7FEE7FEE7FEE781
:10B7A00008B5064B044613B10021AFF30080044BEB
:10B7B0001B6803B19847204600F03CFA00000000E7
:10B7C000A4E00020F0B51F4C8BB005460B466E463A
:10B7D00004F1200C20686168374603C708346445CB
:10B7E0003E46F7D121793971911E206838602229AF
:10B7F0004FF0000104D919700B4618460BB0F0BD8C
:10B80000581E8446B5FBF2F702FB175628366E44E5
:10B810000C4616F8286C0CF8016F2E46B24201F166
:10B8200001013D46EED900225A541919A51AAA421F
:10B83000E3DA10F8015F0E780670013201F8015961
:10B84000F4E700BF58BE0F00FFF7BCBF70B50D4D49
:10B850000D4C641BA4100026A64209D10B4D0C4CC4
:10B8600000F0EAF9641BA4100026A64205D170BDC1
:10B8700055F8043B98470136EEE755F8043B9847E6
:10B880000136F2E790820020908200209082002012
:10B890009482002010B50246147813460132002C21
:10B8A000FAD1013B11F8012B03F8012F002AF9D13D
:10B8B00010BD0A44914200F1FF3300D1704710B52A
:10B8C00011F8014B03F8014F9142F9D110BD034625
:10B8D00013F8012B002AFBD1181A0138704710B554
:10B8E00001390244904201D1002005E0037811F8AB
:10B8F000014FA34201D0181B10BD0130F2E788426E
:10B9000010B501EB020402D98442234607D8431E36
:10B91000A14208D011F8012B03F8012FF8E70244E7
:10B9200001468A4200D110BD13F8014D02F8014DC5
:10B93000F7E702440346934200D1704703F8011B26
:10B94000F9E7000053B94AB9002908BF00281CBF15
:10B950004FF0FF314FF0FF3000F06AB9ADF1080C45
:10B960006DE904CE00F006F8DDF804E0DDE902231D
:10B9700004B070472DE9F047089D0C46002B4ED1CE
:10B9800094468C458646B2FA82F262D94AB1C2F137
:10B990002003914020FA03F30CFA02FC194300FA49
:10B9A00002FE4FEA1C471FFA8CF6B1FBF7F44FEA90
:10B9B0001E4307FB141143EA014304FB06F19942BD
:10B9C0000AD91CEB030304F1FF3080F01281994285
:10B9D00040F20F81023C6344591A1FFA8EF3B1FB07
:10B9E000F7F007FB101143EA014300FB06F69E4205
:10B9F0000AD91CEB030300F1FF3180F0FC809E426A
:10BA000040F2F980634402389B1B40EA0440002165
:10BA10001DB1D3400022C5E90032BDE8F0878B425A
:10BA200005D90DB1C5E9000100210846F5E7B3FAD3
:10BA300083F1002946D1A34202D39042C0F0F080A6
:10BA4000861A64EB03030120002DE6D0C5E90063EC
:10BA5000E3E7002A40F09080A1EB0C044FEA1C4879
:10BA60001FFA8CF70121B4FBF8F64FEA1E4308FBDE
:10BA7000164443EA044307FB06F0984208D91CEB3E
:10BA8000030306F1FF3402D2984200F2CD8026462D
:10BA90001C1A1FFA8EF3B4FBF8F008FB104443EABB
:10BAA000044300FB07F79F4208D91CEB030300F196
:10BAB000FF3402D29F4200F2B0802046DB1B40EAF6
:10BAC0000640A5E7C1F120068B4022FA06F71F4386
:10BAD00020FA06FC04FA01F343EA0C03F44000FAEE
:10BAE00001F8380C4FEA1349B4FBF0FE1FFA87FC4B
:10BAF00000FB1E4449EA04440EFB0CF9A14502FA7E
:10BB000001F20AD93C190EF1FF3A80F08480A14578
:10BB100040F28180AEF1020E3C44A4EB09041FFA0E
:10BB200083F9B4FBF0F300FB134449EA044403FB3C
:10BB30000CFCA44507D93C1903F1FF3067D2A4459A
:10BB400065D9023B3C4443EA0E40A0FB0293A4EBC0
:10BB50000C049C42CE469C4651D34ED055B1B8EB16
:10BB60000E0364EB0C0404FA06F6CB401E43CC40F3
:10BB7000C5E90064002150E7C2F1200320FA03F177
:10BB80000CFA02FC24FA03F394400C434FEA1C48DD
:10BB900000FA02FE1FFA8CF7B3FBF8F008FB103135
:10BBA000230C43EA014300FB07F1994208D91CEB3F
:10BBB000030300F1FF362CD299422AD9023863449C
:10BBC0005B1AA4B2B3FBF8F108FB113344EA034457
:10BBD00001FB07F3A34208D91CEB040401F1FF3673
:10BBE00013D2A34211D902396444E41A41EA004154
:10BBF00039E70446F0E6084606E7C845AED2B9EB99
:10BC0000020E63EB070C0138A8E73146EDE7034667
:10BC100099E73046D4E7D6467FE7634402384DE7DC
:10BC20000646234608460FE7023E634430E700BF5E
:10BC3000704700BFFEE700BFF8B500BFF8BC08BC06
:10BC40009E467047F8B500BFF8BC08BC9E467047DA
:10BC50000338FDD87047001002000000000000000B
:10BC60000338FDD87047000000000000000000000D
:10BC70000338FDD8704700003897002041646144C4
:10BC8000465500416461667275697420496E647539
:10BC900073747269657300436972637569742050C7
:10BCA0006C617967726F756E64206E5246353238FA
:10BCB000343000302E31312E302073313430203684
:10BCC0002E312E31000000000000000000000000B6
:10BCD00000000000000000008498002023D1BCEA8E
:10BCE0005F782315DEEF12120000000084C20020EE
:10BCF00030313233343536373839414243444546A2
:10BD0000006E52462053657269616C006E52462087
:10BD100055463200090441646166727569740053C6
:10BD20006F66744465766963653A200053002E009F
:10BD30006E6F7420666F756E640D0A00EB3C905553
:10BD40004632205546322000020101000240000028
:10BD500000F80201010001000000000009010100DB
:10BD60008000294200420043504C41594254424F06
:10BD70004F5446415431362020200000494E464F52
:10BD80005F55463254585400F8800020494E4445CF
:10BD90005820202048544D00ACBD0F00435552524E
:10BDA000454E542055463200000000003C21646F8F
:10BDB00063747970652068746D6C3E0A3C68746DBC
:10BDC0006C3E3C626F64793E3C7363726970743E92
:10BDD0000A6C6F636174696F6E2E7265706C61635B
:10BDE00065282268747470733A2F2F7777772E61E5
:10BDF000646166727569742E636F6D2F70726F6403
:10BE00007563742F3433333322293B0A3C2F736319
:10BE1000726970743E3C2F626F64793E3C2F687487
:10BE20006D6C3E0A00000000E9AB0F0041AC0F0052
:10BE300071AC0F0019AD0F00D1AD0F000000000074
:10BE40005DB00F006DB00F007DB00F00FDB00F00B2
:10BE500021B20F0000000000303132333435363764
:10BE600038396162636465666768696A6B6C6D6EB8
:10BE70006F707172737475767778797A000000004C
:10BE80001000000000000000017A5200027C0E0148
:10BE90001B0C0D00100000001800000032FAFFFF1C
:10BEA000100000000000000000000000E083FF7FA1
:10BEB00001000000FFFFFFFF7C7F00200090D00307
:10BEC000FF00000032000000FFFF0000A5800F000F
:10BED00031800F0014BD0F0083BC0F0097BC0F0012
:10BEE00048C3002001BD0F000CBD0F0009024B002C
:10BEF0000201008032080B00020202000009040067
:10BF000000010202000405240020010524010001B3
:10BF1000042402020524060001070581030800101D
:10BF200009040100020A00000007050202400000A7
:10BF3000070582024000000902620003010080320E
:10BF4000080B0002020200000904000001020200C6
:10BF50000405240020010524010001042402020537
:10BF600024060001070581030800100904010002EE
:10BF70000A00000007050202400000070582024097
:10BF800000000904020002080650050705030240EC
:10BF900000000705830240000012010002EF0201C9
:10BFA000409A234500000101020301015546322059
:10BFB000426F6F746C6F6164657220302E31312E68
:10BFC000300D0A4D6F64656C3A204164616672758C
:10BFD0006974204369726375697420506C61796774
:10BFE000726F756E64206E524635323834300D0AE9
:10BFF000426F6172642D49443A206E5246353238A0
:10C0000034302D43697263756974506C617967725D
:10C010006F756E642D726576440D0A446174653ADD
:10C02000204D617920323120323032360D0A000045
:10C030000000000000000000000000000000000000
:10C0400000000000000000000000000000000000F0
:10C0500000000000000000000000000000000000E0
:10C0600000000000000000000000000000000000D0
:10C0700000000000000000000000000000000000C0
:10C0800000000000000000000000000000000000B0
:10C0900000000000000000000000000000000000A0
:10C0A0000000000000000000000000000000000090
:10C0B0000000000000000000000000000000000080
:10C0C0000000000000000000000000000000000070
:10C0D0000000000000000000000000000000000060
:10C0E0000000000000000000000000000000000050
:10C0F0000000000000000000000000000000000040
:10C10000000000000000000000000000000000002F
:10C11000000000000000000000000000000000001F
:10C12000000000000000000000000000010000000E
:10C1300058C6002010000C000000E0FF1F000000A7
:10C140000000000069420F0041420F00FFFFFFFFA7
:10C15000FFFFFFFFFFFFFFFFFFFFFFFFFFFFFFFFEF
:10C16000FFFFFFFFFFFFFFFFFFFFFFFFFFFFFFFFDF
:10C17000FFFFFFFFFFFFFFFFFFFFFFFFFFFFFFFFCF
:10C18000FFFFFFFFFFFFFFFFFFFFFFFFFFFFFFFFBF
:10C19000FFFFFFFFFFFFFFFFFFFFFFFFFFFFFFFFAF
:10C1A000FFFFFFFFFFFFFFFFFFFFFFFFFFFFFFFF9F
:10C1B000FFFFFFFFFFFFFFFFFFFFFFFFFFFFFFFF8F
:10C1C000FFFFFFFFFFFFFFFFFFFFFFFFFFFFFFFF7F
:10C1D000FFFFFFFFFFFFFFFFFFFFFFFFFFFFFFFF6F
:10C1E000FFFFFFFFFFFFFFFFFFFFFFFFFFFFFFFF5F
:10C1F000FFFFFFFFFFFFFFFFFFFFFFFFFFFFFFFF4F
:10C20000FFFFFFFFFFFFFFFFFFFFFFFFFFFFFFFF3E
:10C21000FFFFFFFFFFFFFFFFFFFFFFFFFFFFFFFF2E
:10C22000FFFFFFFFFFFFFFFFFFFFFFFFFFFFFFFF1E
:10C23000FFFFFFFFFFFFFFFFFFFFFFFFFFFFFFFF0E
:10C24000FFFFFFFFFFFFFFFFFFFFFFFFFFFFFFFFFE
:10C25000FFFFFFFFFFFFFFFFFFFFFFFFFFFFFFFFEE
:10C26000FFFFFFFFFFFFFFFFFFFFFFFFFFFFFFFFDE
:10C27000FFFFFFFFFFFFFFFFFFFFFFFFFFFFFFFFCE
:10C28000FFFFFFFFFFFFFFFFFFFFFFFFFFFFFFFFBE
:10C29000FFFFFFFFFFFFFFFFFFFFFFFFFFFFFFFFAE
:10C2A000FFFFFFFFFFFFFFFFFFFFFFFFFFFFFFFF9E
:10C2B000FFFFFFFFFFFFFFFFFFFFFFFFFFFFFFFF8E
:10C2C000FFFFFFFFFFFFFFFFFFFFFFFFFFFFFFFF7E
:10C2D000FFFFFFFFFFFFFFFFFFFFFFFFFFFFFFFF6E
:10C2E000FFFFFFFFFFFFFFFFFFFFFFFFFFFFFFFF5E
:10C2F000FFFFFFFFFFFFFFFFFFFFFFFFFFFFFFFF4E
:10C30000FFFFFFFFFFFFFFFFFFFFFFFFFFFFFFFF3D
:10C31000FFFFFFFFFFFFFFFFFFFFFFFFFFFFFFFF2D
:10C32000FFFFFFFFFFFFFFFFFFFFFFFFFFFFFFFF1D
:10C33000FFFFFFFFFFFFFFFFFFFFFFFFFFFFFFFF0D
:10C34000FFFFFFFFFFFFFFFFFFFFFFFFFFFFFFFFFD
:10C35000FFFFFFFFFFFFFFFFFFFFFFFFFFFFFFFFED
:10C36000FFFFFFFFFFFFFFFFFFFFFFFFFFFFFFFFDD
:10C37000FFFFFFFFFFFFFFFFFFFFFFFFFFFFFFFFCD
:10C38000FFFFFFFFFFFFFFFFFFFFFFFFFFFFFFFFBD
:10C39000FFFFFFFFFFFFFFFFFFFFFFFFFFFFFFFFAD
:10C3A000FFFFFFFFFFFFFFFFFFFFFFFFFFFFFFFF9D
:10C3B000FFFFFFFFFFFFFFFFFFFFFFFFFFFFFFFF8D
:10C3C000FFFFFFFFFFFFFFFFFFFFFFFFFFFFFFFF7D
:10C3D000FFFFFFFFFFFFFFFFFFFFFFFFFFFFFFFF6D
:10C3E000FFFFFFFFFFFFFFFFFFFFFFFFFFFFFFFF5D
:10C3F000FFFFFFFFFFFFFFFFFFFFFFFFFFFFFFFF4D
:10C40000FFFFFFFFFFFFFFFFFFFFFFFFFFFFFFFF3C
:10C41000FFFFFFFFFFFFFFFFFFFFFFFFFFFFFFFF2C
:10C42000FFFFFFFFFFFFFFFFFFFFFFFFFFFFFFFF1C
:10C43000FFFFFFFFFFFFFFFFFFFFFFFFFFFFFFFF0C
:10C44000FFFFFFFFFFFFFFFFFFFFFFFFFFFFFFFFFC
:10C45000FFFFFFFFFFFFFFFFFFFFFFFFFFFFFFFFEC
:10C46000FFFFFFFFFFFFFFFFFFFFFFFFFFFFFFFFDC
:10C47000FFFFFFFFFFFFFFFFFFFFFFFFFFFFFFFFCC
:10C48000FFFFFFFFFFFFFFFFFFFFFFFFFFFFFFFFBC
:10C49000FFFFFFFFFFFFFFFFFFFFFFFFFFFFFFFFAC
:10C4A000FFFFFFFFFFFFFFFFFFFFFFFFFFFFFFFF9C
:10C4B000FFFFFFFFFFFFFFFFFFFFFFFFFFFFFFFF8C
:10C4C000FFFFFFFFFFFFFFFFFFFFFFFFFFFFFFFF7C
:10C4D000FFFFFFFFFFFFFFFFFFFFFFFFFFFFFFFF6C
:10C4E000FFFFFFFFFFFFFFFFFFFFFFFFFFFFFFFF5C
:10C4F000FFFFFFFFFFFFFFFFFFFFFFFFFFFFFFFF4C
:10C50000FFFFFFFFFFFFFFFFFFFFFFFFFFFFFFFF3B
:10C51000FFFFFFFFFFFFFFFFFFFFFFFFFFFFFFFF2B
:10C52000FFFFFFFFFFFFFFFFFFFFFFFFFFFFFFFF1B
:10C53000FFFFFFFFFFFFFFFFFFFFFFFFFFFFFFFF0B
:10C54000FFFFFFFFFFFFFFFFFFFFFFFFFFFFFFFFFB
:10C55000FFFFFFFFFFFFFFFFFFFFFFFFFFFFFFFFEB
:10C56000FFFFFFFFFFFFFFFFFFFFFFFFFFFFFFFFDB
:10C57000FFFFFFFFFFFFFFFFFFFFFFFFFFFFFFFFCB
:10C58000FFFFFFFFFFFFFFFFFFFFFFFFFFFFFFFFBB
:10C59000FFFFFFFFFFFFFFFFFFFFFFFFFFFFFFFFAB
:10C5A000FFFFFFFFFFFFFFFFFFFFFFFFFFFFFFFF9B
:10C5B000FFFFFFFFFFFFFFFFFFFFFFFFFFFFFFFF8B
:10C5C000FFFFFFFFFFFFFFFFFFFFFFFFFFFFFFFF7B
:10C5D000FFFFFFFFFFFFFFFFFFFFFFFFFFFFFFFF6B
:10C5E000FFFFFFFFFFFFFFFFFFFFFFFFFFFFFFFF5B
:10C5F000FFFFFFFFFFFFFFFFFFFFFFFFFFFFFFFF4B
:10C60000FFFFFFFFFFFFFFFFFFFFFFFFFFFFFFFF3A
:10C61000FFFFFFFFFFFFFFFFFFFFFFFFFFFFFFFF2A
:10C62000FFFFFFFFFFFFFFFFFFFFFFFFFFFFFFFF1A
:10C63000FFFFFFFFFFFFFFFFFFFFFFFFFFFFFFFF0A
:10C64000FFFFFFFFFFFFFFFFFFFFFFFFFFFFFFFFFA
:10C65000FFFFFFFFFFFFFFFFFFFFFFFFFFFFFFFFEA
:10C66000FFFFFFFFFFFFFFFFFFFFFFFFFFFFFFFFDA
:10C67000FFFFFFFFFFFFFFFFFFFFFFFFFFFFFFFFCA
:10C68000FFFFFFFFFFFFFFFFFFFFFFFFFFFFFFFFBA
:10C69000FFFFFFFFFFFFFFFFFFFFFFFFFFFFFFFFAA
:10C6A000FFFFFFFFFFFFFFFFFFFFFFFFFFFFFFFF9A
:10C6B000FFFFFFFFFFFFFFFFFFFFFFFFFFFFFFFF8A
:10C6C000FFFFFFFFFFFFFFFFFFFFFFFFFFFFFFFF7A
:10C6D000FFFFFFFFFFFFFFFFFFFFFFFFFFFFFFFF6A
:10C6E000FFFFFFFFFFFFFFFFFFFFFFFFFFFFFFFF5A
:10C6F000FFFFFFFFFFFFFFFFFFFFFFFFFFFFFFFF4A
:10C70000FFFFFFFFFFFFFFFFFFFFFFFFFFFFFFFF39
:10C71000FFFFFFFFFFFFFFFFFFFFFFFFFFFFFFFF29
:10C72000FFFFFFFFFFFFFFFFFFFFFFFFFFFFFFFF19
:10C73000FFFFFFFFFFFFFFFFFFFFFFFFFFFFFFFF09
:10C74000FFFFFFFFFFFFFFFFFFFFFFFFFFFFFFFFF9
:10C75000FFFFFFFFFFFFFFFFFFFFFFFFFFFFFFFFE9
:10C76000FFFFFFFFFFFFFFFFFFFFFFFFFFFFFFFFD9
:10C77000FFFFFFFFFFFFFFFFFFFFFFFFFFFFFFFFC9
:10C78000FFFFFFFFFFFFFFFFFFFFFFFFFFFFFFFFB9
:10C79000FFFFFFFFFFFFFFFFFFFFFFFFFFFFFFFFA9
:10C7A000FFFFFFFFFFFFFFFFFFFFFFFFFFFFFFFF99
:10C7B000FFFFFFFFFFFFFFFFFFFFFFFFFFFFFFFF89
:10C7C000FFFFFFFFFFFFFFFFFFFFFFFFFFFFFFFF79
:10C7D000FFFFFFFFFFFFFFFFFFFFFFFFFFFFFFFF69
:10C7E000FFFFFFFFFFFFFFFFFFFFFFFFFFFFFFFF59
:10C7F000FFFFFFFFFFFFFFFFFFFFFFFFFFFFFFFF49
:10C80000FFFFFFFFFFFFFFFFFFFFFFFFFFFFFFFF38
:10C81000FFFFFFFFFFFFFFFFFFFFFFFFFFFFFFFF28
:10C82000FFFFFFFFFFFFFFFFFFFFFFFFFFFFFFFF18
:10C83000FFFFFFFFFFFFFFFFFFFFFFFFFFFFFFFF08
:10C84000FFFFFFFFFFFFFFFFFFFFFFFFFFFFFFFFF8
:10C85000FFFFFFFFFFFFFFFFFFFFFFFFFFFFFFFFE8
:10C86000FFFFFFFFFFFFFFFFFFFFFFFFFFFFFFFFD8
:10C87000FFFFFFFFFFFFFFFFFFFFFFFFFFFFFFFFC8
:10C88000FFFFFFFFFFFFFFFFFFFFFFFFFFFFFFFFB8
:10C89000FFFFFFFFFFFFFFFFFFFFFFFFFFFFFFFFA8
:10C8A000FFFFFFFFFFFFFFFFFFFFFFFFFFFFFFFF98
:10C8B000FFFFFFFFFFFFFFFFFFFFFFFFFFFFFFFF88
:10C8C000FFFFFFFFFFFFFFFFFFFFFFFFFFFFFFFF78
:10C8D000FFFFFFFFFFFFFFFFFFFFFFFFFFFFFFFF68
:10C8E000FFFFFFFFFFFFFFFFFFFFFFFFFFFFFFFF58
:10C8F000FFFFFFFFFFFFFFFFFFFFFFFFFFFFFFFF48
:10C90000FFFFFFFFFFFFFFFFFFFFFFFFFFFFFFFF37
:10C91000FFFFFFFFFFFFFFFFFFFFFFFFFFFFFFFF27
:10C92000FFFFFFFFFFFFFFFFFFFFFFFFFFFFFFFF17
:10C93000FFFFFFFFFFFFFFFFFFFFFFFFFFFFFFFF07
:10C94000FFFFFFFFFFFFFFFFFFFFFFFFFFFFFFFFF7
:10C95000FFFFFFFFFFFFFFFFFFFFFFFFFFFFFFFFE7
:10C96000FFFFFFFFFFFFFFFFFFFFFFFFFFFFFFFFD7
:10C97000FFFFFFFFFFFFFFFFFFFFFFFFFFFFFFFFC7
:10C98000FFFFFFFFFFFFFFFFFFFFFFFFFFFFFFFFB7
:10C99000FFFFFFFFFFFFFFFFFFFFFFFFFFFFFFFFA7
:10C9A000FFFFFFFFFFFFFFFFFFFFFFFFFFFFFFFF97
:10C9B000FFFFFFFFFFFFFFFFFFFFFFFFFFFFFFFF87
:10C9C000FFFFFFFFFFFFFFFFFFFFFFFFFFFFFFFF77
:10C9D000FFFFFFFFFFFFFFFFFFFFFFFFFFFFFFFF67
:10C9E000FFFFFFFFFFFFFFFFFFFFFFFFFFFFFFFF57
:10C9F000FFFFFFFFFFFFFFFFFFFFFFFFFFFFFFFF47
:10CA0000FFFFFFFFFFFFFFFFFFFFFFFFFFFFFFFF36
:10CA1000FFFFFFFFFFFFFFFFFFFFFFFFFFFFFFFF26
:10CA2000FFFFFFFFFFFFFFFFFFFFFFFFFFFFFFFF16
:10CA3000FFFFFFFFFFFFFFFFFFFFFFFFFFFFFFFF06
:10CA4000FFFFFFFFFFFFFFFFFFFFFFFFFFFFFFFFF6
:10CA5000FFFFFFFFFFFFFFFFFFFFFFFFFFFFFFFFE6
:10CA6000FFFFFFFFFFFFFFFFFFFFFFFFFFFFFFFFD6
:10CA7000FFFFFFFFFFFFFFFFFFFFFFFFFFFFFFFFC6
:10CA8000FFFFFFFFFFFFFFFFFFFFFFFFFFFFFFFFB6
:10CA9000FFFFFFFFFFFFFFFFFFFFFFFFFFFFFFFFA6
:10CAA000FFFFFFFFFFFFFFFFFFFFFFFFFFFFFFFF96
:10CAB000FFFFFFFFFFFFFFFFFFFFFFFFFFFFFFFF86
:10CAC000FFFFFFFFFFFFFFFFFFFFFFFFFFFFFFFF76
:10CAD000FFFFFFFFFFFFFFFFFFFFFFFFFFFFFFFF66
:10CAE000FFFFFFFFFFFFFFFFFFFFFFFFFFFFFFFF56
:10CAF000FFFFFFFFFFFFFFFFFFFFFFFFFFFFFFFF46
:10CB0000FFFFFFFFFFFFFFFFFFFFFFFFFFFFFFFF35
:10CB1000FFFFFFFFFFFFFFFFFFFFFFFFFFFFFFFF25
:10CB2000FFFFFFFFFFFFFFFFFFFFFFFFFFFFFFFF15
:10CB3000FFFFFFFFFFFFFFFFFFFFFFFFFFFFFFFF05
:10CB4000FFFFFFFFFFFFFFFFFFFFFFFFFFFFFFFFF5
:10CB5000FFFFFFFFFFFFFFFFFFFFFFFFFFFFFFFFE5
:10CB6000FFFFFFFFFFFFFFFFFFFFFFFFFFFFFFFFD5
:10CB7000FFFFFFFFFFFFFFFFFFFFFFFFFFFFFFFFC5
:10CB8000FFFFFFFFFFFFFFFFFFFFFFFFFFFFFFFFB5
:10CB9000FFFFFFFFFFFFFFFFFFFFFFFFFFFFFFFFA5
:10CBA000FFFFFFFFFFFFFFFFFFFFFFFFFFFFFFFF95
:10CBB000FFFFFFFFFFFFFFFFFFFFFFFFFFFFFFFF85
:10CBC000FFFFFFFFFFFFFFFFFFFFFFFFFFFFFFFF75
:10CBD000FFFFFFFFFFFFFFFFFFFFFFFFFFFFFFFF65
:10CBE000FFFFFFFFFFFFFFFFFFFFFFFFFFFFFFFF55
:10CBF000FFFFFFFFFFFFFFFFFFFFFFFFFFFFFFFF45
:10CC0000FFFFFFFFFFFFFFFFFFFFFFFFFFFFFFFF34
:10CC1000FFFFFFFFFFFFFFFFFFFFFFFFFFFFFFFF24
:10CC2000FFFFFFFFFFFFFFFFFFFFFFFFFFFFFFFF14
:10CC3000FFFFFFFFFFFFFFFFFFFFFFFFFFFFFFFF04
:10CC4000FFFFFFFFFFFFFFFFFFFFFFFFFFFFFFFFF4
:10CC5000FFFFFFFFFFFFFFFFFFFFFFFFFFFFFFFFE4
:10CC6000FFFFFFFFFFFFFFFFFFFFFFFFFFFFFFFFD4
:10CC7000FFFFFFFFFFFFFFFFFFFFFFFFFFFFFFFFC4
:10CC8000FFFFFFFFFFFFFFFFFFFFFFFFFFFFFFFFB4
:10CC9000FFFFFFFFFFFFFFFFFFFFFFFFFFFFFFFFA4
:10CCA000FFFFFFFFFFFFFFFFFFFFFFFFFFFFFFFF94
:10CCB000FFFFFFFFFFFFFFFFFFFFFFFFFFFFFFFF84
:10CCC000FFFFFFFFFFFFFFFFFFFFFFFFFFFFFFFF74
:10CCD000FFFFFFFFFFFFFFFFFFFFFFFFFFFFFFFF64
:10CCE000FFFFFFFFFFFFFFFFFFFFFFFFFFFFFFFF54
:10CCF000FFFFFFFFFFFFFFFFFFFFFFFFFFFFFFFF44
:10CD0000FFFFFFFFFFFFFFFFFFFFFFFFFFFFFFFF33
:10CD1000FFFFFFFFFFFFFFFFFFFFFFFFFFFFFFFF23
:10CD2000FFFFFFFFFFFFFFFFFFFFFFFFFFFFFFFF13
:10CD3000FFFFFFFFFFFFFFFFFFFFFFFFFFFFFFFF03
:10CD4000FFFFFFFFFFFFFFFFFFFFFFFFFFFFFFFFF3
:10CD5000FFFFFFFFFFFFFFFFFFFFFFFFFFFFFFFFE3
:10CD6000FFFFFFFFFFFFFFFFFFFFFFFFFFFFFFFFD3
:10CD7000FFFFFFFFFFFFFFFFFFFFFFFFFFFFFFFFC3
:10CD8000FFFFFFFFFFFFFFFFFFFFFFFFFFFFFFFFB3
:10CD9000FFFFFFFFFFFFFFFFFFFFFFFFFFFFFFFFA3
:10CDA000FFFFFFFFFFFFFFFFFFFFFFFFFFFFFFFF93
:10CDB000FFFFFFFFFFFFFFFFFFFFFFFFFFFFFFFF83
:10CDC000FFFFFFFFFFFFFFFFFFFFFFFFFFFFFFFF73
:10CDD000FFFFFFFFFFFFFFFFFFFFFFFFFFFFFFFF63
:10CDE000FFFFFFFFFFFFFFFFFFFFFFFFFFFFFFFF53
:10CDF000FFFFFFFFFFFFFFFFFFFFFFFFFFFFFFFF43
:10CE0000FFFFFFFFFFFFFFFFFFFFFFFFFFFFFFFF32
:10CE1000FFFFFFFFFFFFFFFFFFFFFFFFFFFFFFFF22
:10CE2000FFFFFFFFFFFFFFFFFFFFFFFFFFFFFFFF12
:10CE3000FFFFFFFFFFFFFFFFFFFFFFFFFFFFFFFF02
:10CE4000FFFFFFFFFFFFFFFFFFFFFFFFFFFFFFFFF2
:10CE5000FFFFFFFFFFFFFFFFFFFFFFFFFFFFFFFFE2
:10CE6000FFFFFFFFFFFFFFFFFFFFFFFFFFFFFFFFD2
:10CE7000FFFFFFFFFFFFFFFFFFFFFFFFFFFFFFFFC2
:10CE8000FFFFFFFFFFFFFFFFFFFFFFFFFFFFFFFFB2
:10CE9000FFFFFFFFFFFFFFFFFFFFFFFFFFFFFFFFA2
:10CEA000FFFFFFFFFFFFFFFFFFFFFFFFFFFFFFFF92
:10CEB000FFFFFFFFFFFFFFFFFFFFFFFFFFFFFFFF82
:10CEC000FFFFFFFFFFFFFFFFFFFFFFFFFFFFFFFF72
:10CED000FFFFFFFFFFFFFFFFFFFFFFFFFFFFFFFF62
:10CEE000FFFFFFFFFFFFFFFFFFFFFFFFFFFFFFFF52
:10CEF000FFFFFFFFFFFFFFFFFFFFFFFFFFFFFFFF42
:10CF0000FFFFFFFFFFFFFFFFFFFFFFFFFFFFFFFF31
:10CF1000FFFFFFFFFFFFFFFFFFFFFFFFFFFFFFFF21
:10CF2000FFFFFFFFFFFFFFFFFFFFFFFFFFFFFFFF11
:10CF3000FFFFFFFFFFFFFFFFFFFFFFFFFFFFFFFF01
:10CF4000FFFFFFFFFFFFFFFFFFFFFFFFFFFFFFFFF1
:10CF5000FFFFFFFFFFFFFFFFFFFFFFFFFFFFFFFFE1
:10CF6000FFFFFFFFFFFFFFFFFFFFFFFFFFFFFFFFD1
:10CF7000FFFFFFFFFFFFFFFFFFFFFFFFFFFFFFFFC1
:10CF8000FFFFFFFFFFFFFFFFFFFFFFFFFFFFFFFFB1
:10CF9000FFFFFFFFFFFFFFFFFFFFFFFFFFFFFFFFA1
:10CFA000FFFFFFFFFFFFFFFFFFFFFFFFFFFFFFFF91
:10CFB000FFFFFFFFFFFFFFFFFFFFFFFFFFFFFFFF81
:10CFC000FFFFFFFFFFFFFFFFFFFFFFFFFFFFFFFF71
:10CFD000FFFFFFFFFFFFFFFFFFFFFFFFFFFFFFFF61
:10CFE000FFFFFFFFFFFFFFFFFFFFFFFFFFFFFFFF51
:10CFF000FFFFFFFFFFFFFFFFFFFFFFFFFFFFFFFF41
:10D00000FFFFFFFFFFFFFFFFFFFFFFFFFFFFFFFF30
:10D01000FFFFFFFFFFFFFFFFFFFFFFFFFFFFFFFF20
:10D02000FFFFFFFFFFFFFFFFFFFFFFFFFFFFFFFF10
:10D03000FFFFFFFFFFFFFFFFFFFFFFFFFFFFFFFF00
:10D04000FFFFFFFFFFFFFFFFFFFFFFFFFFFFFFFFF0
:10D05000FFFFFFFFFFFFFFFFFFFFFFFFFFFFFFFFE0
:10D06000FFFFFFFFFFFFFFFFFFFFFFFFFFFFFFFFD0
:10D07000FFFFFFFFFFFFFFFFFFFFFFFFFFFFFFFFC0
:10D08000FFFFFFFFFFFFFFFFFFFFFFFFFFFFFFFFB0
:10D09000FFFFFFFFFFFFFFFFFFFFFFFFFFFFFFFFA0
:10D0A000FFFFFFFFFFFFFFFFFFFFFFFFFFFFFFFF90
:10D0B000FFFFFFFFFFFFFFFFFFFFFFFFFFFFFFFF80
:10D0C000FFFFFFFFFFFFFFFFFFFFFFFFFFFFFFFF70
:10D0D000FFFFFFFFFFFFFFFFFFFFFFFFFFFFFFFF60
:10D0E000FFFFFFFFFFFFFFFFFFFFFFFFFFFFFFFF50
:10D0F000FFFFFFFFFFFFFFFFFFFFFFFFFFFFFFFF40
:10D10000FFFFFFFFFFFFFFFFFFFFFFFFFFFFFFFF2F
:10D11000FFFFFFFFFFFFFFFFFFFFFFFFFFFFFFFF1F
:10D12000FFFFFFFFFFFFFFFFFFFFFFFFFFFFFFFF0F
:10D13000FFFFFFFFFFFFFFFFFFFFFFFFFFFFFFFFFF
:10D14000FFFFFFFFFFFFFFFFFFFFFFFFFFFFFFFFEF
:10D15000FFFFFFFFFFFFFFFFFFFFFFFFFFFFFFFFDF
:10D16000FFFFFFFFFFFFFFFFFFFFFFFFFFFFFFFFCF
:10D17000FFFFFFFFFFFFFFFFFFFFFFFFFFFFFFFFBF
:10D18000FFFFFFFFFFFFFFFFFFFFFFFFFFFFFFFFAF
:10D19000FFFFFFFFFFFFFFFFFFFFFFFFFFFFFFFF9F
:10D1A000FFFFFFFFFFFFFFFFFFFFFFFFFFFFFFFF8F
:10D1B000FFFFFFFFFFFFFFFFFFFFFFFFFFFFFFFF7F
:10D1C000FFFFFFFFFFFFFFFFFFFFFFFFFFFFFFFF6F
:10D1D000FFFFFFFFFFFFFFFFFFFFFFFFFFFFFFFF5F
:10D1E000FFFFFFFFFFFFFFFFFFFFFFFFFFFFFFFF4F
:10D1F000FFFFFFFFFFFFFFFFFFFFFFFFFFFFFFFF3F
:10D20000FFFFFFFFFFFFFFFFFFFFFFFFFFFFFFFF2E
:10D21000FFFFFFFFFFFFFFFFFFFFFFFFFFFFFFFF1E
:10D22000FFFFFFFFFFFFFFFFFFFFFFFFFFFFFFFF0E
:10D23000FFFFFFFFFFFFFFFFFFFFFFFFFFFFFFFFFE
:10D24000FFFFFFFFFFFFFFFFFFFFFFFFFFFFFFFFEE
:10D25000FFFFFFFFFFFFFFFFFFFFFFFFFFFFFFFFDE
:10D26000FFFFFFFFFFFFFFFFFFFFFFFFFFFFFFFFCE
:10D27000FFFFFFFFFFFFFFFFFFFFFFFFFFFFFFFFBE
:10D28000FFFFFFFFFFFFFFFFFFFFFFFFFFFFFFFFAE
:10D29000FFFFFFFFFFFFFFFFFFFFFFFFFFFFFFFF9E
:10D2A000FFFFFFFFFFFFFFFFFFFFFFFFFFFFFFFF8E
:10D2B000FFFFFFFFFFFFFFFFFFFFFFFFFFFFFFFF7E
:10D2C000FFFFFFFFFFFFFFFFFFFFFFFFFFFFFFFF6E
:10D2D000FFFFFFFFFFFFFFFFFFFFFFFFFFFFFFFF5E
:10D2E000FFFFFFFFFFFFFFFFFFFFFFFFFFFFFFFF4E
:10D2F000FFFFFFFFFFFFFFFFFFFFFFFFFFFFFFFF3E
:10D30000FFFFFFFFFFFFFFFFFFFFFFFFFFFFFFFF2D
:10D31000FFFFFFFFFFFFFFFFFFFFFFFFFFFFFFFF1D
:10D32000FFFFFFFFFFFFFFFFFFFFFFFFFFFFFFFF0D
:10D33000FFFFFFFFFFFFFFFFFFFFFFFFFFFFFFFFFD
:10D34000FFFFFFFFFFFFFFFFFFFFFFFFFFFFFFFFED
:10D35000FFFFFFFFFFFFFFFFFFFFFFFFFFFFFFFFDD
:10D36000FFFFFFFFFFFFFFFFFFFFFFFFFFFFFFFFCD
:10D37000FFFFFFFFFFFFFFFFFFFFFFFFFFFFFFFFBD
:10D38000FFFFFFFFFFFFFFFFFFFFFFFFFFFFFFFFAD
:10D39000FFFFFFFFFFFFFFFFFFFFFFFFFFFFFFFF9D
:10D3A000FFFFFFFFFFFFFFFFFFFFFFFFFFFFFFFF8D
:10D3B000FFFFFFFFFFFFFFFFFFFFFFFFFFFFFFFF7D
:10D3C000FFFFFFFFFFFFFFFFFFFFFFFFFFFFFFFF6D
:10D3D000FFFFFFFFFFFFFFFFFFFFFFFFFFFFFFFF5D
:10D3E000FFFFFFFFFFFFFFFFFFFFFFFFFFFFFFFF4D
:10D3F000FFFFFFFFFFFFFFFFFFFFFFFFFFFFFFFF3D
:10D40000FFFFFFFFFFFFFFFFFFFFFFFFFFFFFFFF2C
:10D41000FFFFFFFFFFFFFFFFFFFFFFFFFFFFFFFF1C
:10D42000FFFFFFFFFFFFFFFFFFFFFFFFFFFFFFFF0C
:10D43000FFFFFFFFFFFFFFFFFFFFFFFFFFFFFFFFFC
:10D44000FFFFFFFFFFFFFFFFFFFFFFFFFFFFFFFFEC
:10D45000FFFFFFFFFFFFFFFFFFFFFFFFFFFFFFFFDC
:10D46000FFFFFFFFFFFFFFFFFFFFFFFFFFFFFFFFCC
:10D47000FFFFFFFFFFFFFFFFFFFFFFFFFFFFFFFFBC
:10D48000FFFFFFFFFFFFFFFFFFFFFFFFFFFFFFFFAC
:10D49000FFFFFFFFFFFFFFFFFFFFFFFFFFFFFFFF9C
:10D4A000FFFFFFFFFFFFFFFFFFFFFFFFFFFFFFFF8C
:10D4B000FFFFFFFFFFFFFFFFFFFFFFFFFFFFFFFF7C
:10D4C000FFFFFFFFFFFFFFFFFFFFFFFFFFFFFFFF6C
:10D4D000FFFFFFFFFFFFFFFFFFFFFFFFFFFFFFFF5C
:10D4E000FFFFFFFFFFFFFFFFFFFFFFFFFFFFFFFF4C
:10D4F000FFFFFFFFFFFFFFFFFFFFFFFFFFFFFFFF3C
:10D50000FFFFFFFFFFFFFFFFFFFFFFFFFFFFFFFF2B
:10D51000FFFFFFFFFFFFFFFFFFFFFFFFFFFFFFFF1B
:10D52000FFFFFFFFFFFFFFFFFFFFFFFFFFFFFFFF0B
:10D53000FFFFFFFFFFFFFFFFFFFFFFFFFFFFFFFFFB
:10D54000FFFFFFFFFFFFFFFFFFFFFFFFFFFFFFFFEB
:10D55000FFFFFFFFFFFFFFFFFFFFFFFFFFFFFFFFDB
:10D56000FFFFFFFFFFFFFFFFFFFFFFFFFFFFFFFFCB
:10D57000FFFFFFFFFFFFFFFFFFFFFFFFFFFFFFFFBB
:10D58000FFFFFFFFFFFFFFFFFFFFFFFFFFFFFFFFAB
:10D59000FFFFFFFFFFFFFFFFFFFFFFFFFFFFFFFF9B
:10D5A000FFFFFFFFFFFFFFFFFFFFFFFFFFFFFFFF8B
:10D5B000FFFFFFFFFFFFFFFFFFFFFFFFFFFFFFFF7B
:10D5C000FFFFFFFFFFFFFFFFFFFFFFFFFFFFFFFF6B
:10D5D000FFFFFFFFFFFFFFFFFFFFFFFFFFFFFFFF5B
:10D5E000FFFFFFFFFFFFFFFFFFFFFFFFFFFFFFFF4B
:10D5F000FFFFFFFFFFFFFFFFFFFFFFFFFFFFFFFF3B
:10D60000FFFFFFFFFFFFFFFFFFFFFFFFFFFFFFFF2A
:10D61000FFFFFFFFFFFFFFFFFFFFFFFFFFFFFFFF1A
:10D62000FFFFFFFFFFFFFFFFFFFFFFFFFFFFFFFF0A
:10D63000FFFFFFFFFFFFFFFFFFFFFFFFFFFFFFFFFA
:10D64000FFFFFFFFFFFFFFFFFFFFFFFFFFFFFFFFEA
:10D65000FFFFFFFFFFFFFFFFFFFFFFFFFFFFFFFFDA
:10D66000FFFFFFFFFFFFFFFFFFFFFFFFFFFFFFFFCA
:10D67000FFFFFFFFFFFFFFFFFFFFFFFFFFFFFFFFBA
:10D68000FFFFFFFFFFFFFFFFFFFFFFFFFFFFFFFFAA
:10D69000FFFFFFFFFFFFFFFFFFFFFFFFFFFFFFFF9A
:10D6A000FFFFFFFFFFFFFFFFFFFFFFFFFFFFFFFF8A
:10D6B000FFFFFFFFFFFFFFFFFFFFFFFFFFFFFFFF7A
:10D6C000FFFFFFFFFFFFFFFFFFFFFFFFFFFFFFFF6A
:10D6D000FFFFFFFFFFFFFFFFFFFFFFFFFFFFFFFF5A
:10D6E000FFFFFFFFFFFFFFFFFFFFFFFFFFFFFFFF4A
:10D6F000FFFFFFFFFFFFFFFFFFFFFFFFFFFFFFFF3A
:10D70000FFFFFFFFFFFFFFFFFFFFFFFFFFFFFFFF29
:10D71000FFFFFFFFFFFFFFFFFFFFFFFFFFFFFFFF19
:10D72000FFFFFFFFFFFFFFFFFFFFFFFFFFFFFFFF09
:10D73000FFFFFFFFFFFFFFFFFFFFFFFFFFFFFFFFF9
:10D74000FFFFFFFFFFFFFFFFFFFFFFFFFFFFFFFFE9
:10D75000FFFFFFFFFFFFFFFFFFFFFFFFFFFFFFFFD9
:10D76000FFFFFFFFFFFFFFFFFFFFFFFFFFFFFFFFC9
:10D77000FFFFFFFFFFFFFFFFFFFFFFFFFFFFFFFFB9
:10D78000FFFFFFFFFFFFFFFFFFFFFFFFFFFFFFFFA9
:10D79000FFFFFFFFFFFFFFFFFFFFFFFFFFFFFFFF99
:10D7A000FFFFFFFFFFFFFFFFFFFFFFFFFFFFFFFF89
:10D7B000FFFFFFFFFFFFFFFFFFFFFFFFFFFFFFFF79
:10D7C000FFFFFFFFFFFFFFFFFFFFFFFFFFFFFFFF69
:10D7D000FFFFFFFFFFFFFFFFFFFFFFFFFFFFFFFF59
:10D7E000FFFFFFFFFFFFFFFFFFFFFFFFFFFFFFFF49
:10D7F000FFFFFFFFFFFFFFFFFFFFFFFFFFFFFFFF39
:10D80000F1109E1E797A22200500000064000000BD
:10D81000CC00000000001000CD000000000004005B
:10D82000D000000045009A23D10000004028A5AD9B
:10D83000D2000000200000000000000000000000F6
:10D8400000000000000000000000000000000000D8
:08D850000000000000000000D0
:00000001FF
